2026-08-20T03:47:39.514Z POST /api/auth/login -> 200 auth=NONE ua=curl/8.14.1
2026-08-20T03:47:39.536Z POST /api/auth/login -> 200 auth=NONE ua=curl/8.14.1
2026-08-20T03:47:39.565Z PATCH /api/admin/users/tester2 -> 200 auth=eyJuIjoiYWRt ua=curl/8.14.1
2026-08-20T03:47:39.583Z GET /api/problems -> 500 auth=eyJuIjoidGVz ua=curl/8.14.1
2026-08-20T03:47:39.594Z PATCH /api/admin/users/tester2 -> 200 auth=eyJuIjoiYWRt ua=curl/8.14.1
2026-08-20T03:47:39.607Z GET /api/problems -> 500 auth=eyJuIjoidGVz ua=curl/8.14.1
2026-08-20T03:47:39.618Z POST /api/auth/register -> 200 auth=NONE ua=curl/8.14.1
2026-08-20T03:47:39.628Z DELETE /api/admin/users/scratch1 -> 200 auth=eyJuIjoiYWRt ua=curl/8.14.1
2026-08-20T03:47:39.638Z DELETE /api/admin/users/scratch1 -> 404 auth=eyJuIjoiYWRt ua=curl/8.14.1
2026-08-20T03:47:39.647Z DELETE /api/admin/users/admin -> 403 auth=eyJuIjoiYWRt ua=curl/8.14.1
2026-08-20T03:56:33.482Z POST /api/auth/login -> 200 auth=NONE ua=curl/8.14.1
2026-08-20T03:56:33.502Z POST /api/auth/login -> 200 auth=NONE ua=curl/8.14.1
2026-08-20T03:56:33.527Z PATCH /api/admin/users/tester2 -> 200 auth=eyJuIjoiYWRt ua=curl/8.14.1
2026-08-20T03:56:33.537Z GET /api/problems -> 403 auth=eyJuIjoidGVz ua=curl/8.14.1
2026-08-20T03:56:33.548Z PATCH /api/admin/users/tester2 -> 200 auth=eyJuIjoiYWRt ua=curl/8.14.1
2026-08-20T03:56:33.560Z GET /api/problems -> 200 auth=eyJuIjoidGVz ua=curl/8.14.1
2026-08-20T06:00:22.023Z POST /api/auth/login -> 200 auth=NONE ua=curl/8.14.1
2026-08-20T06:00:22.036Z GET /api/contests -> 200 auth=NONE ua=curl/8.14.1
2026-08-20T06:00:22.059Z POST /api/submissions -> 200 auth=eyJuIjoiYWRt ua=curl/8.14.1
2026-08-20T06:00:25.071Z GET /api/contests/C001/rank -> 200 auth=NONE ua=curl/8.14.1
2026-08-20T06:00:25.108Z POST /api/auth/login -> 200 auth=NONE ua=curl/8.14.1
2026-08-20T06:00:25.137Z POST /api/contests -> 403 auth=eyJuIjoidGVz ua=curl/8.14.1
2026-08-20T06:03:17.572Z GET /api/me -> 401 auth=NONE ua=Mozilla/5.0 (X11; Linux x86_64) AppleWeb
2026-08-20T06:03:19.487Z GET /api/me -> 401 auth=NONE ua=Mozilla/5.0 (X11; Linux x86_64) AppleWeb
2026-08-20T06:03:21.144Z POST /api/auth/login -> 200 auth=NONE ua=Mozilla/5.0 (X11; Linux x86_64) AppleWeb
2026-08-20T06:03:21.186Z GET /api/problems -> 200 auth=eyJuIjoiYWRt ua=Mozilla/5.0 (X11; Linux x86_64) AppleWeb
2026-08-20T06:03:21.195Z GET /api/submissions -> 200 auth=eyJuIjoiYWRt ua=Mozilla/5.0 (X11; Linux x86_64) AppleWeb
2026-08-20T06:03:21.303Z GET /api/contests -> 200 auth=eyJuIjoiYWRt ua=Mozilla/5.0 (X11; Linux x86_64) AppleWeb
2026-08-20T06:03:22.382Z GET /api/contests/C001 -> 200 auth=eyJuIjoiYWRt ua=Mozilla/5.0 (X11; Linux x86_64) AppleWeb
2026-08-20T06:03:22.390Z GET /api/contests/C001/rank -> 200 auth=eyJuIjoiYWRt ua=Mozilla/5.0 (X11; Linux x86_64) AppleWeb
2026-08-20T06:21:34.042Z GET /api/me -> 401 auth=NONE ua=Mozilla/5.0 (X11; Linux x86_64) AppleWeb
2026-08-20T06:21:34.067Z GET /api/problems -> 200 auth=NONE ua=Mozilla/5.0 (X11; Linux x86_64) AppleWeb
2026-08-20T06:21:34.069Z GET /api/submissions -> 200 auth=NONE ua=Mozilla/5.0 (X11; Linux x86_64) AppleWeb
2026-08-20T06:21:49.689Z GET /api/me -> 200 auth=eyJuIjoiYWRt ua=Mozilla/5.0 (X11; Linux x86_64) AppleWeb
2026-08-20T06:21:49.855Z GET /api/problems -> 200 auth=eyJuIjoiYWRt ua=Mozilla/5.0 (X11; Linux x86_64) AppleWeb
2026-08-20T06:21:49.857Z GET /api/submissions -> 200 auth=eyJuIjoiYWRt ua=Mozilla/5.0 (X11; Linux x86_64) AppleWeb
2026-08-20T06:21:57.672Z GET /api/me -> 304 auth=eyJuIjoiYWRt ua=Mozilla/5.0 (X11; Linux x86_64) AppleWeb
2026-08-20T06:21:57.692Z GET /api/admin/users -> 200 auth=eyJuIjoiYWRt ua=Mozilla/5.0 (X11; Linux x86_64) AppleWeb
2026-08-20T06:22:01.342Z GET /api/contests -> 200 auth=eyJuIjoiYWRt ua=Mozilla/5.0 (X11; Linux x86_64) AppleWeb
2026-08-20T06:22:02.725Z GET /api/problems/P1019 -> 200 auth=eyJuIjoiYWRt ua=Mozilla/5.0 (X11; Linux x86_64) AppleWeb
2026-08-20T06:22:02.746Z GET /api/languages -> 304 auth=eyJuIjoiYWRt ua=Mozilla/5.0 (X11; Linux x86_64) AppleWeb
2026-08-20T06:22:02.764Z GET /api/submissions -> 304 auth=eyJuIjoiYWRt ua=Mozilla/5.0 (X11; Linux x86_64) AppleWeb
2026-08-20T06:22:07.553Z GET /api/submissions -> 304 auth=eyJuIjoiYWRt ua=Mozilla/5.0 (X11; Linux x86_64) AppleWeb
2026-08-20T06:22:08.197Z GET /api/contests -> 304 auth=eyJuIjoiYWRt ua=Mozilla/5.0 (X11; Linux x86_64) AppleWeb
2026-08-20T06:22:12.016Z DELETE /api/contests/C002 -> 200 auth=eyJuIjoiYWRt ua=Mozilla/5.0 (X11; Linux x86_64) AppleWeb
2026-08-20T06:22:13.029Z DELETE /api/contests/C001 -> 200 auth=eyJuIjoiYWRt ua=Mozilla/5.0 (X11; Linux x86_64) AppleWeb
2026-08-20T06:22:13.890Z DELETE /api/contests/C003 -> 200 auth=eyJuIjoiYWRt ua=Mozilla/5.0 (X11; Linux x86_64) AppleWeb
2026-08-20T06:22:21.081Z GET /api/submissions -> 304 auth=eyJuIjoiYWRt ua=Mozilla/5.0 (X11; Linux x86_64) AppleWeb
2026-08-20T06:22:22.421Z GET /api/contests -> 200 auth=eyJuIjoiYWRt ua=Mozilla/5.0 (X11; Linux x86_64) AppleWeb
2026-08-20T06:22:23.578Z GET /api/submissions -> 304 auth=eyJuIjoiYWRt ua=Mozilla/5.0 (X11; Linux x86_64) AppleWeb
2026-08-20T06:22:24.931Z GET /api/contests -> 304 auth=eyJuIjoiYWRt ua=Mozilla/5.0 (X11; Linux x86_64) AppleWeb
2026-08-20T06:22:28.819Z GET /api/submissions -> 304 auth=eyJuIjoiYWRt ua=Mozilla/5.0 (X11; Linux x86_64) AppleWeb
2026-08-20T06:22:33.927Z GET /api/submissions -> 304 auth=eyJuIjoiYWRt ua=Mozilla/5.0 (X11; Linux x86_64) AppleWeb
2026-08-20T06:25:26.631Z GET /api/me -> 304 auth=eyJuIjoiYWRt ua=Mozilla/5.0 (X11; Linux x86_64) AppleWeb
2026-08-20T06:25:26.650Z GET /api/admin/users -> 304 auth=eyJuIjoiYWRt ua=Mozilla/5.0 (X11; Linux x86_64) AppleWeb
2026-08-20T06:25:31.983Z DELETE /api/admin/users/tester2 -> 200 auth=eyJuIjoiYWRt ua=Mozilla/5.0 (X11; Linux x86_64) AppleWeb
2026-08-20T06:25:32.694Z DELETE /api/admin/users/%E5%90%91%E6%B8%8A%E8%A1%8C%E8%80%85 -> 200 auth=eyJuIjoiYWRt ua=Mozilla/5.0 (X11; Linux x86_64) AppleWeb
2026-08-20T06:25:33.969Z DELETE /api/admin/users/qwq -> 200 auth=eyJuIjoiYWRt ua=Mozilla/5.0 (X11; Linux x86_64) AppleWeb
2026-08-20T06:25:46.710Z GET /api/me -> 401 auth=NONE ua=Mozilla/5.0 (X11; Linux x86_64) AppleWeb
2026-08-20T06:25:46.745Z GET /api/problems -> 200 auth=NONE ua=Mozilla/5.0 (X11; Linux x86_64) AppleWeb
2026-08-20T06:25:46.745Z GET /api/submissions -> 200 auth=NONE ua=Mozilla/5.0 (X11; Linux x86_64) AppleWeb
2026-08-20T06:25:58.198Z POST /api/auth/register -> 200 auth=NONE ua=Mozilla/5.0 (X11; Linux x86_64) AppleWeb
2026-08-20T06:25:58.219Z GET /api/submissions -> 304 auth=eyJuIjoiRmVk ua=Mozilla/5.0 (X11; Linux x86_64) AppleWeb
2026-08-20T06:26:01.730Z GET /api/me -> 304 auth=eyJuIjoiYWRt ua=Mozilla/5.0 (X11; Linux x86_64) AppleWeb
2026-08-20T06:26:01.851Z GET /api/me -> 304 auth=eyJuIjoiYWRt ua=Mozilla/5.0 (X11; Linux x86_64) AppleWeb
2026-08-20T06:26:01.890Z GET /api/admin/users -> 200 auth=eyJuIjoiYWRt ua=Mozilla/5.0 (X11; Linux x86_64) AppleWeb
2026-08-20T06:26:04.060Z PATCH /api/admin/users/Federico_Prask -> 200 auth=eyJuIjoiYWRt ua=Mozilla/5.0 (X11; Linux x86_64) AppleWeb
2026-08-20T06:26:04.488Z PATCH /api/admin/users/Federico_Prask -> 200 auth=eyJuIjoiYWRt ua=Mozilla/5.0 (X11; Linux x86_64) AppleWeb
2026-08-20T06:26:05.308Z GET /api/me -> 200 auth=eyJuIjoiRmVk ua=Mozilla/5.0 (X11; Linux x86_64) AppleWeb
2026-08-20T06:26:19.943Z PATCH /api/admin/users/Federico_Prask -> 200 auth=eyJuIjoiYWRt ua=Mozilla/5.0 (X11; Linux x86_64) AppleWeb
2026-08-20T06:26:20.608Z GET /api/me -> 200 auth=eyJuIjoiRmVk ua=Mozilla/5.0 (X11; Linux x86_64) AppleWeb
2026-08-20T06:26:23.722Z PATCH /api/admin/users/Federico_Prask -> 200 auth=eyJuIjoiYWRt ua=Mozilla/5.0 (X11; Linux x86_64) AppleWeb
2026-08-20T06:26:24.356Z GET /api/me -> 200 auth=eyJuIjoiRmVk ua=Mozilla/5.0 (X11; Linux x86_64) AppleWeb
2026-08-20T06:26:28.481Z PATCH /api/admin/users/Federico_Prask -> 200 auth=eyJuIjoiYWRt ua=Mozilla/5.0 (X11; Linux x86_64) AppleWeb
2026-08-20T06:26:29.350Z GET /api/me -> 200 auth=eyJuIjoiRmVk ua=Mozilla/5.0 (X11; Linux x86_64) AppleWeb
2026-08-20T06:26:31.274Z PATCH /api/admin/users/Federico_Prask -> 200 auth=eyJuIjoiYWRt ua=Mozilla/5.0 (X11; Linux x86_64) AppleWeb
2026-08-20T06:26:31.658Z PATCH /api/admin/users/Federico_Prask -> 200 auth=eyJuIjoiYWRt ua=Mozilla/5.0 (X11; Linux x86_64) AppleWeb
2026-08-20T06:26:32.038Z PATCH /api/admin/users/Federico_Prask -> 200 auth=eyJuIjoiYWRt ua=Mozilla/5.0 (X11; Linux x86_64) AppleWeb
2026-08-20T06:26:32.709Z GET /api/me -> 200 auth=eyJuIjoiRmVk ua=Mozilla/5.0 (X11; Linux x86_64) AppleWeb
2026-08-20T06:26:35.863Z PATCH /api/admin/users/Federico_Prask -> 200 auth=eyJuIjoiYWRt ua=Mozilla/5.0 (X11; Linux x86_64) AppleWeb
2026-08-20T06:26:36.577Z GET /api/me -> 200 auth=eyJuIjoiRmVk ua=Mozilla/5.0 (X11; Linux x86_64) AppleWeb
2026-08-20T06:26:36.599Z GET /api/me -> 304 auth=eyJuIjoiRmVk ua=Mozilla/5.0 (X11; Linux x86_64) AppleWeb
2026-08-20T06:26:36.613Z GET /api/admin/users -> 200 auth=eyJuIjoiRmVk ua=Mozilla/5.0 (X11; Linux x86_64) AppleWeb
2026-08-20T06:26:37.998Z PATCH /api/admin/users/admin -> 200 auth=eyJuIjoiRmVk ua=Mozilla/5.0 (X11; Linux x86_64) AppleWeb
2026-08-20T06:26:39.047Z GET /api/me -> 200 auth=eyJuIjoiYWRt ua=Mozilla/5.0 (X11; Linux x86_64) AppleWeb
2026-08-20T06:26:40.648Z PATCH /api/admin/users/admin -> 200 auth=eyJuIjoiRmVk ua=Mozilla/5.0 (X11; Linux x86_64) AppleWeb
2026-08-20T06:26:41.798Z GET /api/me -> 200 auth=eyJuIjoiYWRt ua=Mozilla/5.0 (X11; Linux x86_64) AppleWeb
2026-08-20T06:26:41.862Z GET /api/me -> 304 auth=eyJuIjoiYWRt ua=Mozilla/5.0 (X11; Linux x86_64) AppleWeb
2026-08-20T06:26:41.904Z GET /api/admin/users -> 200 auth=eyJuIjoiYWRt ua=Mozilla/5.0 (X11; Linux x86_64) AppleWeb
2026-08-20T06:26:48.181Z PATCH /api/admin/users/Federico_Prask -> 200 auth=eyJuIjoiYWRt ua=Mozilla/5.0 (X11; Linux x86_64) AppleWeb
2026-08-20T06:26:49.737Z PATCH /api/admin/users/Federico_Prask -> 200 auth=eyJuIjoiYWRt ua=Mozilla/5.0 (X11; Linux x86_64) AppleWeb
2026-08-20T06:26:51.603Z GET /api/me -> 200 auth=eyJuIjoiRmVk ua=Mozilla/5.0 (X11; Linux x86_64) AppleWeb
2026-08-20T06:26:51.641Z GET /api/me -> 304 auth=eyJuIjoiRmVk ua=Mozilla/5.0 (X11; Linux x86_64) AppleWeb
2026-08-20T06:26:51.672Z GET /api/admin/users -> 200 auth=eyJuIjoiRmVk ua=Mozilla/5.0 (X11; Linux x86_64) AppleWeb
2026-08-20T06:26:55.176Z GET /api/problems -> 304 auth=eyJuIjoiRmVk ua=Mozilla/5.0 (X11; Linux x86_64) AppleWeb
2026-08-20T06:26:55.178Z GET /api/submissions -> 304 auth=eyJuIjoiRmVk ua=Mozilla/5.0 (X11; Linux x86_64) AppleWeb
2026-08-20T06:27:07.380Z GET /api/problems/P1042 -> 200 auth=eyJuIjoiRmVk ua=Mozilla/5.0 (X11; Linux x86_64) AppleWeb
2026-08-20T06:27:07.394Z GET /api/languages -> 200 auth=eyJuIjoiRmVk ua=Mozilla/5.0 (X11; Linux x86_64) AppleWeb
2026-08-20T06:27:07.407Z GET /api/submissions -> 304 auth=eyJuIjoiRmVk ua=Mozilla/5.0 (X11; Linux x86_64) AppleWeb
2026-08-20T06:27:10.284Z GET /api/submissions -> 304 auth=eyJuIjoiRmVk ua=Mozilla/5.0 (X11; Linux x86_64) AppleWeb
2026-08-20T06:31:58.188Z GET /api/me -> 304 auth=eyJuIjoiYWRt ua=Mozilla/5.0 (X11; Linux x86_64) AppleWeb
2026-08-20T06:31:58.342Z GET /api/problems -> 304 auth=eyJuIjoiYWRt ua=Mozilla/5.0 (X11; Linux x86_64) AppleWeb
2026-08-20T06:31:58.343Z GET /api/submissions -> 304 auth=eyJuIjoiYWRt ua=Mozilla/5.0 (X11; Linux x86_64) AppleWeb
2026-08-20T06:32:04.729Z GET /api/users/admin -> 200 auth=eyJuIjoiYWRt ua=Mozilla/5.0 (X11; Linux x86_64) AppleWeb
2026-08-20T06:32:04.756Z GET /api/submissions -> 200 auth=eyJuIjoiYWRt ua=Mozilla/5.0 (X11; Linux x86_64) AppleWeb
2026-08-20T06:32:08.489Z GET /api/contests -> 304 auth=eyJuIjoiYWRt ua=Mozilla/5.0 (X11; Linux x86_64) AppleWeb
2026-08-20T06:32:57.164Z GET /api/me -> 304 auth=eyJuIjoiYWRt ua=Mozilla/5.0 (X11; Linux x86_64) AppleWeb
2026-08-20T06:32:57.339Z GET /api/problems -> 304 auth=eyJuIjoiYWRt ua=Mozilla/5.0 (X11; Linux x86_64) AppleWeb
2026-08-20T06:33:14.419Z POST /api/contests -> 200 auth=eyJuIjoiYWRt ua=Mozilla/5.0 (X11; Linux x86_64) AppleWeb
2026-08-20T06:33:14.430Z GET /api/contests -> 200 auth=eyJuIjoiYWRt ua=Mozilla/5.0 (X11; Linux x86_64) AppleWeb
2026-08-20T06:33:16.282Z GET /api/contests/C0011 -> 200 auth=eyJuIjoiYWRt ua=Mozilla/5.0 (X11; Linux x86_64) AppleWeb
2026-08-20T06:33:16.299Z GET /api/contests/C0011/rank -> 200 auth=eyJuIjoiYWRt ua=Mozilla/5.0 (X11; Linux x86_64) AppleWeb
2026-08-20T06:33:18.393Z GET /api/problems/P1001 -> 200 auth=eyJuIjoiYWRt ua=Mozilla/5.0 (X11; Linux x86_64) AppleWeb
2026-08-20T06:33:18.411Z GET /api/languages -> 304 auth=eyJuIjoiYWRt ua=Mozilla/5.0 (X11; Linux x86_64) AppleWeb
2026-08-20T06:33:18.422Z GET /api/submissions -> 304 auth=eyJuIjoiYWRt ua=Mozilla/5.0 (X11; Linux x86_64) AppleWeb
2026-08-20T06:33:21.307Z GET /api/contests/C0011 -> 304 auth=eyJuIjoiYWRt ua=Mozilla/5.0 (X11; Linux x86_64) AppleWeb
2026-08-20T06:33:21.312Z GET /api/contests/C0011/rank -> 304 auth=eyJuIjoiYWRt ua=Mozilla/5.0 (X11; Linux x86_64) AppleWeb
2026-08-20T06:33:22.213Z GET /api/contests -> 304 auth=eyJuIjoiYWRt ua=Mozilla/5.0 (X11; Linux x86_64) AppleWeb
2026-08-20T06:33:23.699Z GET /api/contests/C0011 -> 304 auth=eyJuIjoiYWRt ua=Mozilla/5.0 (X11; Linux x86_64) AppleWeb
2026-08-20T06:33:23.718Z GET /api/contests/C0011/rank -> 304 auth=eyJuIjoiYWRt ua=Mozilla/5.0 (X11; Linux x86_64) AppleWeb
2026-08-20T06:33:26.307Z GET /api/contests/C0011 -> 304 auth=eyJuIjoiYWRt ua=Mozilla/5.0 (X11; Linux x86_64) AppleWeb
2026-08-20T06:33:26.311Z GET /api/contests/C0011/rank -> 304 auth=eyJuIjoiYWRt ua=Mozilla/5.0 (X11; Linux x86_64) AppleWeb
2026-08-20T06:33:28.726Z GET /api/contests/C0011 -> 304 auth=eyJuIjoiYWRt ua=Mozilla/5.0 (X11; Linux x86_64) AppleWeb
2026-08-20T06:33:28.733Z GET /api/contests/C0011/rank -> 304 auth=eyJuIjoiYWRt ua=Mozilla/5.0 (X11; Linux x86_64) AppleWeb
2026-08-20T06:33:31.307Z GET /api/contests/C0011 -> 304 auth=eyJuIjoiYWRt ua=Mozilla/5.0 (X11; Linux x86_64) AppleWeb
2026-08-20T06:33:31.311Z GET /api/contests/C0011/rank -> 304 auth=eyJuIjoiYWRt ua=Mozilla/5.0 (X11; Linux x86_64) AppleWeb
2026-08-20T06:33:32.486Z GET /api/problems/P1001 -> 304 auth=eyJuIjoiYWRt ua=Mozilla/5.0 (X11; Linux x86_64) AppleWeb
2026-08-20T06:33:32.500Z GET /api/languages -> 304 auth=eyJuIjoiYWRt ua=Mozilla/5.0 (X11; Linux x86_64) AppleWeb
2026-08-20T06:33:32.509Z GET /api/submissions -> 304 auth=eyJuIjoiYWRt ua=Mozilla/5.0 (X11; Linux x86_64) AppleWeb
2026-08-20T06:33:33.724Z GET /api/contests/C0011 -> 304 auth=eyJuIjoiYWRt ua=Mozilla/5.0 (X11; Linux x86_64) AppleWeb
2026-08-20T06:33:33.728Z GET /api/contests/C0011/rank -> 304 auth=eyJuIjoiYWRt ua=Mozilla/5.0 (X11; Linux x86_64) AppleWeb
2026-08-20T06:33:36.313Z GET /api/contests/C0011 -> 304 auth=eyJuIjoiYWRt ua=Mozilla/5.0 (X11; Linux x86_64) AppleWeb
2026-08-20T06:33:36.318Z GET /api/contests/C0011/rank -> 304 auth=eyJuIjoiYWRt ua=Mozilla/5.0 (X11; Linux x86_64) AppleWeb
2026-08-20T06:33:38.724Z GET /api/contests/C0011 -> 304 auth=eyJuIjoiYWRt ua=Mozilla/5.0 (X11; Linux x86_64) AppleWeb
2026-08-20T06:33:38.730Z GET /api/contests/C0011/rank -> 304 auth=eyJuIjoiYWRt ua=Mozilla/5.0 (X11; Linux x86_64) AppleWeb
2026-08-20T06:33:41.307Z GET /api/contests/C0011 -> 304 auth=eyJuIjoiYWRt ua=Mozilla/5.0 (X11; Linux x86_64) AppleWeb
2026-08-20T06:33:41.311Z GET /api/contests/C0011/rank -> 304 auth=eyJuIjoiYWRt ua=Mozilla/5.0 (X11; Linux x86_64) AppleWeb
2026-08-20T06:33:43.482Z GET /api/me -> 304 auth=eyJuIjoiYWRt ua=Mozilla/5.0 (X11; Linux x86_64) AppleWeb
2026-08-20T06:33:43.751Z GET /api/contests/C0011 -> 304 auth=eyJuIjoiYWRt ua=Mozilla/5.0 (X11; Linux x86_64) AppleWeb
2026-08-20T06:33:43.775Z GET /api/contests/C0011/rank -> 304 auth=eyJuIjoiYWRt ua=Mozilla/5.0 (X11; Linux x86_64) AppleWeb
2026-08-20T06:33:43.883Z GET /api/submissions/48228 -> 200 auth=eyJuIjoiYWRt ua=Mozilla/5.0 (X11; Linux x86_64) AppleWeb
2026-08-20T06:33:47.166Z GET /api/contests/C0011 -> 304 auth=eyJuIjoiYWRt ua=Mozilla/5.0 (X11; Linux x86_64) AppleWeb
2026-08-20T06:33:47.176Z GET /api/contests/C0011/rank -> 304 auth=eyJuIjoiYWRt ua=Mozilla/5.0 (X11; Linux x86_64) AppleWeb
2026-08-20T06:33:48.729Z GET /api/contests/C0011 -> 304 auth=eyJuIjoiYWRt ua=Mozilla/5.0 (X11; Linux x86_64) AppleWeb
2026-08-20T06:33:48.733Z GET /api/contests/C0011/rank -> 304 auth=eyJuIjoiYWRt ua=Mozilla/5.0 (X11; Linux x86_64) AppleWeb
2026-08-20T06:33:51.307Z GET /api/contests/C0011 -> 304 auth=eyJuIjoiYWRt ua=Mozilla/5.0 (X11; Linux x86_64) AppleWeb
2026-08-20T06:33:51.311Z GET /api/contests/C0011/rank -> 304 auth=eyJuIjoiYWRt ua=Mozilla/5.0 (X11; Linux x86_64) AppleWeb
2026-08-20T06:33:53.725Z GET /api/contests/C0011 -> 304 auth=eyJuIjoiYWRt ua=Mozilla/5.0 (X11; Linux x86_64) AppleWeb
2026-08-20T06:33:53.729Z GET /api/contests/C0011/rank -> 304 auth=eyJuIjoiYWRt ua=Mozilla/5.0 (X11; Linux x86_64) AppleWeb
2026-08-20T06:33:56.307Z GET /api/contests/C0011 -> 304 auth=eyJuIjoiYWRt ua=Mozilla/5.0 (X11; Linux x86_64) AppleWeb
2026-08-20T06:33:56.312Z GET /api/contests/C0011/rank -> 304 auth=eyJuIjoiYWRt ua=Mozilla/5.0 (X11; Linux x86_64) AppleWeb
2026-08-20T06:33:58.724Z GET /api/contests/C0011 -> 304 auth=eyJuIjoiYWRt ua=Mozilla/5.0 (X11; Linux x86_64) AppleWeb
2026-08-20T06:33:58.728Z GET /api/contests/C0011/rank -> 304 auth=eyJuIjoiYWRt ua=Mozilla/5.0 (X11; Linux x86_64) AppleWeb
2026-08-20T06:34:01.307Z GET /api/contests/C0011 -> 304 auth=eyJuIjoiYWRt ua=Mozilla/5.0 (X11; Linux x86_64) AppleWeb
2026-08-20T06:34:01.310Z GET /api/contests/C0011/rank -> 304 auth=eyJuIjoiYWRt ua=Mozilla/5.0 (X11; Linux x86_64) AppleWeb
2026-08-20T06:34:03.724Z GET /api/contests/C0011 -> 304 auth=eyJuIjoiYWRt ua=Mozilla/5.0 (X11; Linux x86_64) AppleWeb
2026-08-20T06:34:03.728Z GET /api/contests/C0011/rank -> 304 auth=eyJuIjoiYWRt ua=Mozilla/5.0 (X11; Linux x86_64) AppleWeb
2026-08-20T06:34:06.307Z GET /api/contests/C0011 -> 304 auth=eyJuIjoiYWRt ua=Mozilla/5.0 (X11; Linux x86_64) AppleWeb
2026-08-20T06:34:06.311Z GET /api/contests/C0011/rank -> 304 auth=eyJuIjoiYWRt ua=Mozilla/5.0 (X11; Linux x86_64) AppleWeb
2026-08-20T06:34:08.724Z GET /api/contests/C0011 -> 304 auth=eyJuIjoiYWRt ua=Mozilla/5.0 (X11; Linux x86_64) AppleWeb
2026-08-20T06:34:08.728Z GET /api/contests/C0011/rank -> 304 auth=eyJuIjoiYWRt ua=Mozilla/5.0 (X11; Linux x86_64) AppleWeb
2026-08-20T06:34:11.307Z GET /api/contests/C0011 -> 304 auth=eyJuIjoiYWRt ua=Mozilla/5.0 (X11; Linux x86_64) AppleWeb
2026-08-20T06:34:11.311Z GET /api/contests/C0011/rank -> 304 auth=eyJuIjoiYWRt ua=Mozilla/5.0 (X11; Linux x86_64) AppleWeb
2026-08-20T06:34:13.724Z GET /api/contests/C0011 -> 304 auth=eyJuIjoiYWRt ua=Mozilla/5.0 (X11; Linux x86_64) AppleWeb
2026-08-20T06:34:13.728Z GET /api/contests/C0011/rank -> 304 auth=eyJuIjoiYWRt ua=Mozilla/5.0 (X11; Linux x86_64) AppleWeb
2026-08-20T06:34:16.307Z GET /api/contests/C0011 -> 304 auth=eyJuIjoiYWRt ua=Mozilla/5.0 (X11; Linux x86_64) AppleWeb
2026-08-20T06:34:16.312Z GET /api/contests/C0011/rank -> 304 auth=eyJuIjoiYWRt ua=Mozilla/5.0 (X11; Linux x86_64) AppleWeb
2026-08-20T06:34:18.724Z GET /api/contests/C0011 -> 304 auth=eyJuIjoiYWRt ua=Mozilla/5.0 (X11; Linux x86_64) AppleWeb
2026-08-20T06:34:18.728Z GET /api/contests/C0011/rank -> 304 auth=eyJuIjoiYWRt ua=Mozilla/5.0 (X11; Linux x86_64) AppleWeb
2026-08-20T06:34:21.307Z GET /api/contests/C0011 -> 304 auth=eyJuIjoiYWRt ua=Mozilla/5.0 (X11; Linux x86_64) AppleWeb
2026-08-20T06:34:21.311Z GET /api/contests/C0011/rank -> 304 auth=eyJuIjoiYWRt ua=Mozilla/5.0 (X11; Linux x86_64) AppleWeb
2026-08-20T06:34:23.724Z GET /api/contests/C0011 -> 304 auth=eyJuIjoiYWRt ua=Mozilla/5.0 (X11; Linux x86_64) AppleWeb
2026-08-20T06:34:23.728Z GET /api/contests/C0011/rank -> 304 auth=eyJuIjoiYWRt ua=Mozilla/5.0 (X11; Linux x86_64) AppleWeb
2026-08-20T06:34:26.307Z GET /api/contests/C0011 -> 304 auth=eyJuIjoiYWRt ua=Mozilla/5.0 (X11; Linux x86_64) AppleWeb
2026-08-20T06:34:26.311Z GET /api/contests/C0011/rank -> 304 auth=eyJuIjoiYWRt ua=Mozilla/5.0 (X11; Linux x86_64) AppleWeb
2026-08-20T06:34:28.726Z GET /api/contests/C0011 -> 304 auth=eyJuIjoiYWRt ua=Mozilla/5.0 (X11; Linux x86_64) AppleWeb
2026-08-20T06:34:28.731Z GET /api/contests/C0011/rank -> 304 auth=eyJuIjoiYWRt ua=Mozilla/5.0 (X11; Linux x86_64) AppleWeb
2026-08-20T06:34:31.307Z GET /api/contests/C0011 -> 304 auth=eyJuIjoiYWRt ua=Mozilla/5.0 (X11; Linux x86_64) AppleWeb
2026-08-20T06:34:31.312Z GET /api/contests/C0011/rank -> 304 auth=eyJuIjoiYWRt ua=Mozilla/5.0 (X11; Linux x86_64) AppleWeb
2026-08-20T06:34:33.724Z GET /api/contests/C0011 -> 304 auth=eyJuIjoiYWRt ua=Mozilla/5.0 (X11; Linux x86_64) AppleWeb
2026-08-20T06:34:33.728Z GET /api/contests/C0011/rank -> 304 auth=eyJuIjoiYWRt ua=Mozilla/5.0 (X11; Linux x86_64) AppleWeb
2026-08-20T06:34:36.307Z GET /api/contests/C0011 -> 304 auth=eyJuIjoiYWRt ua=Mozilla/5.0 (X11; Linux x86_64) AppleWeb
2026-08-20T06:34:36.311Z GET /api/contests/C0011/rank -> 304 auth=eyJuIjoiYWRt ua=Mozilla/5.0 (X11; Linux x86_64) AppleWeb
2026-08-20T06:34:38.727Z GET /api/contests/C0011 -> 304 auth=eyJuIjoiYWRt ua=Mozilla/5.0 (X11; Linux x86_64) AppleWeb
2026-08-20T06:34:38.732Z GET /api/contests/C0011/rank -> 304 auth=eyJuIjoiYWRt ua=Mozilla/5.0 (X11; Linux x86_64) AppleWeb
2026-08-20T06:34:41.307Z GET /api/contests/C0011 -> 304 auth=eyJuIjoiYWRt ua=Mozilla/5.0 (X11; Linux x86_64) AppleWeb
2026-08-20T06:34:41.312Z GET /api/contests/C0011/rank -> 304 auth=eyJuIjoiYWRt ua=Mozilla/5.0 (X11; Linux x86_64) AppleWeb
2026-08-20T06:34:43.724Z GET /api/contests/C0011 -> 304 auth=eyJuIjoiYWRt ua=Mozilla/5.0 (X11; Linux x86_64) AppleWeb
2026-08-20T06:34:43.728Z GET /api/contests/C0011/rank -> 304 auth=eyJuIjoiYWRt ua=Mozilla/5.0 (X11; Linux x86_64) AppleWeb
2026-08-20T06:34:46.307Z GET /api/contests/C0011 -> 304 auth=eyJuIjoiYWRt ua=Mozilla/5.0 (X11; Linux x86_64) AppleWeb
2026-08-20T06:34:46.312Z GET /api/contests/C0011/rank -> 304 auth=eyJuIjoiYWRt ua=Mozilla/5.0 (X11; Linux x86_64) AppleWeb
2026-08-20T06:34:48.724Z GET /api/contests/C0011 -> 304 auth=eyJuIjoiYWRt ua=Mozilla/5.0 (X11; Linux x86_64) AppleWeb
2026-08-20T06:34:48.729Z GET /api/contests/C0011/rank -> 304 auth=eyJuIjoiYWRt ua=Mozilla/5.0 (X11; Linux x86_64) AppleWeb
2026-08-20T06:34:51.307Z GET /api/contests/C0011 -> 304 auth=eyJuIjoiYWRt ua=Mozilla/5.0 (X11; Linux x86_64) AppleWeb
2026-08-20T06:34:51.312Z GET /api/contests/C0011/rank -> 304 auth=eyJuIjoiYWRt ua=Mozilla/5.0 (X11; Linux x86_64) AppleWeb
2026-08-20T06:34:53.724Z GET /api/contests/C0011 -> 304 auth=eyJuIjoiYWRt ua=Mozilla/5.0 (X11; Linux x86_64) AppleWeb
2026-08-20T06:34:53.729Z GET /api/contests/C0011/rank -> 304 auth=eyJuIjoiYWRt ua=Mozilla/5.0 (X11; Linux x86_64) AppleWeb
2026-08-20T06:34:56.308Z GET /api/contests/C0011 -> 304 auth=eyJuIjoiYWRt ua=Mozilla/5.0 (X11; Linux x86_64) AppleWeb
2026-08-20T06:34:56.313Z GET /api/contests/C0011/rank -> 304 auth=eyJuIjoiYWRt ua=Mozilla/5.0 (X11; Linux x86_64) AppleWeb
2026-08-20T06:34:58.724Z GET /api/contests/C0011 -> 304 auth=eyJuIjoiYWRt ua=Mozilla/5.0 (X11; Linux x86_64) AppleWeb
2026-08-20T06:34:58.729Z GET /api/contests/C0011/rank -> 304 auth=eyJuIjoiYWRt ua=Mozilla/5.0 (X11; Linux x86_64) AppleWeb
2026-08-20T06:35:01.307Z GET /api/contests/C0011 -> 304 auth=eyJuIjoiYWRt ua=Mozilla/5.0 (X11; Linux x86_64) AppleWeb
2026-08-20T06:35:01.311Z GET /api/contests/C0011/rank -> 304 auth=eyJuIjoiYWRt ua=Mozilla/5.0 (X11; Linux x86_64) AppleWeb
2026-08-20T06:35:03.724Z GET /api/contests/C0011 -> 304 auth=eyJuIjoiYWRt ua=Mozilla/5.0 (X11; Linux x86_64) AppleWeb
2026-08-20T06:35:03.728Z GET /api/contests/C0011/rank -> 304 auth=eyJuIjoiYWRt ua=Mozilla/5.0 (X11; Linux x86_64) AppleWeb
2026-08-20T06:35:06.308Z GET /api/contests/C0011 -> 304 auth=eyJuIjoiYWRt ua=Mozilla/5.0 (X11; Linux x86_64) AppleWeb
2026-08-20T06:35:06.313Z GET /api/contests/C0011/rank -> 304 auth=eyJuIjoiYWRt ua=Mozilla/5.0 (X11; Linux x86_64) AppleWeb
2026-08-20T06:35:08.724Z GET /api/contests/C0011 -> 304 auth=eyJuIjoiYWRt ua=Mozilla/5.0 (X11; Linux x86_64) AppleWeb
2026-08-20T06:35:08.729Z GET /api/contests/C0011/rank -> 304 auth=eyJuIjoiYWRt ua=Mozilla/5.0 (X11; Linux x86_64) AppleWeb
2026-08-20T06:35:11.307Z GET /api/contests/C0011 -> 304 auth=eyJuIjoiYWRt ua=Mozilla/5.0 (X11; Linux x86_64) AppleWeb
2026-08-20T06:35:11.312Z GET /api/contests/C0011/rank -> 304 auth=eyJuIjoiYWRt ua=Mozilla/5.0 (X11; Linux x86_64) AppleWeb
2026-08-20T06:35:13.724Z GET /api/contests/C0011 -> 304 auth=eyJuIjoiYWRt ua=Mozilla/5.0 (X11; Linux x86_64) AppleWeb
2026-08-20T06:35:13.729Z GET /api/contests/C0011/rank -> 304 auth=eyJuIjoiYWRt ua=Mozilla/5.0 (X11; Linux x86_64) AppleWeb
2026-08-20T06:35:16.307Z GET /api/contests/C0011 -> 304 auth=eyJuIjoiYWRt ua=Mozilla/5.0 (X11; Linux x86_64) AppleWeb
2026-08-20T06:35:16.312Z GET /api/contests/C0011/rank -> 304 auth=eyJuIjoiYWRt ua=Mozilla/5.0 (X11; Linux x86_64) AppleWeb
2026-08-20T06:35:18.724Z GET /api/contests/C0011 -> 304 auth=eyJuIjoiYWRt ua=Mozilla/5.0 (X11; Linux x86_64) AppleWeb
2026-08-20T06:35:18.729Z GET /api/contests/C0011/rank -> 304 auth=eyJuIjoiYWRt ua=Mozilla/5.0 (X11; Linux x86_64) AppleWeb
2026-08-20T06:35:21.314Z GET /api/contests/C0011 -> 304 auth=eyJuIjoiYWRt ua=Mozilla/5.0 (X11; Linux x86_64) AppleWeb
2026-08-20T06:35:21.320Z GET /api/contests/C0011/rank -> 304 auth=eyJuIjoiYWRt ua=Mozilla/5.0 (X11; Linux x86_64) AppleWeb
2026-08-20T06:35:23.724Z GET /api/contests/C0011 -> 304 auth=eyJuIjoiYWRt ua=Mozilla/5.0 (X11; Linux x86_64) AppleWeb
2026-08-20T06:35:23.728Z GET /api/contests/C0011/rank -> 304 auth=eyJuIjoiYWRt ua=Mozilla/5.0 (X11; Linux x86_64) AppleWeb
2026-08-20T06:35:26.316Z GET /api/contests/C0011 -> 304 auth=eyJuIjoiYWRt ua=Mozilla/5.0 (X11; Linux x86_64) AppleWeb
2026-08-20T06:35:26.321Z GET /api/contests/C0011/rank -> 304 auth=eyJuIjoiYWRt ua=Mozilla/5.0 (X11; Linux x86_64) AppleWeb
2026-08-20T06:35:28.733Z GET /api/contests/C0011 -> 304 auth=eyJuIjoiYWRt ua=Mozilla/5.0 (X11; Linux x86_64) AppleWeb
2026-08-20T06:35:28.738Z GET /api/contests/C0011/rank -> 304 auth=eyJuIjoiYWRt ua=Mozilla/5.0 (X11; Linux x86_64) AppleWeb
2026-08-20T06:35:31.308Z GET /api/contests/C0011 -> 304 auth=eyJuIjoiYWRt ua=Mozilla/5.0 (X11; Linux x86_64) AppleWeb
2026-08-20T06:35:31.312Z GET /api/contests/C0011/rank -> 304 auth=eyJuIjoiYWRt ua=Mozilla/5.0 (X11; Linux x86_64) AppleWeb
2026-08-20T06:35:33.724Z GET /api/contests/C0011 -> 304 auth=eyJuIjoiYWRt ua=Mozilla/5.0 (X11; Linux x86_64) AppleWeb
2026-08-20T06:35:33.728Z GET /api/contests/C0011/rank -> 304 auth=eyJuIjoiYWRt ua=Mozilla/5.0 (X11; Linux x86_64) AppleWeb
2026-08-20T06:35:36.307Z GET /api/contests/C0011 -> 304 auth=eyJuIjoiYWRt ua=Mozilla/5.0 (X11; Linux x86_64) AppleWeb
2026-08-20T06:35:36.311Z GET /api/contests/C0011/rank -> 304 auth=eyJuIjoiYWRt ua=Mozilla/5.0 (X11; Linux x86_64) AppleWeb
2026-08-20T06:35:38.724Z GET /api/contests/C0011 -> 304 auth=eyJuIjoiYWRt ua=Mozilla/5.0 (X11; Linux x86_64) AppleWeb
2026-08-20T06:35:38.729Z GET /api/contests/C0011/rank -> 304 auth=eyJuIjoiYWRt ua=Mozilla/5.0 (X11; Linux x86_64) AppleWeb
2026-08-20T06:35:41.307Z GET /api/contests/C0011 -> 304 auth=eyJuIjoiYWRt ua=Mozilla/5.0 (X11; Linux x86_64) AppleWeb
2026-08-20T06:35:41.312Z GET /api/contests/C0011/rank -> 304 auth=eyJuIjoiYWRt ua=Mozilla/5.0 (X11; Linux x86_64) AppleWeb
2026-08-20T06:35:43.725Z GET /api/contests/C0011 -> 304 auth=eyJuIjoiYWRt ua=Mozilla/5.0 (X11; Linux x86_64) AppleWeb
2026-08-20T06:35:43.730Z GET /api/contests/C0011/rank -> 304 auth=eyJuIjoiYWRt ua=Mozilla/5.0 (X11; Linux x86_64) AppleWeb
2026-08-20T06:35:46.307Z GET /api/contests/C0011 -> 304 auth=eyJuIjoiYWRt ua=Mozilla/5.0 (X11; Linux x86_64) AppleWeb
2026-08-20T06:35:46.311Z GET /api/contests/C0011/rank -> 304 auth=eyJuIjoiYWRt ua=Mozilla/5.0 (X11; Linux x86_64) AppleWeb
2026-08-20T06:35:48.724Z GET /api/contests/C0011 -> 304 auth=eyJuIjoiYWRt ua=Mozilla/5.0 (X11; Linux x86_64) AppleWeb
2026-08-20T06:35:48.729Z GET /api/contests/C0011/rank -> 304 auth=eyJuIjoiYWRt ua=Mozilla/5.0 (X11; Linux x86_64) AppleWeb
2026-08-20T06:35:51.307Z GET /api/contests/C0011 -> 304 auth=eyJuIjoiYWRt ua=Mozilla/5.0 (X11; Linux x86_64) AppleWeb
2026-08-20T06:35:51.311Z GET /api/contests/C0011/rank -> 304 auth=eyJuIjoiYWRt ua=Mozilla/5.0 (X11; Linux x86_64) AppleWeb
2026-08-20T06:35:53.724Z GET /api/contests/C0011 -> 304 auth=eyJuIjoiYWRt ua=Mozilla/5.0 (X11; Linux x86_64) AppleWeb
2026-08-20T06:35:53.729Z GET /api/contests/C0011/rank -> 304 auth=eyJuIjoiYWRt ua=Mozilla/5.0 (X11; Linux x86_64) AppleWeb
2026-08-20T06:35:56.307Z GET /api/contests/C0011 -> 304 auth=eyJuIjoiYWRt ua=Mozilla/5.0 (X11; Linux x86_64) AppleWeb
2026-08-20T06:35:56.311Z GET /api/contests/C0011/rank -> 304 auth=eyJuIjoiYWRt ua=Mozilla/5.0 (X11; Linux x86_64) AppleWeb
2026-08-20T06:35:58.724Z GET /api/contests/C0011 -> 304 auth=eyJuIjoiYWRt ua=Mozilla/5.0 (X11; Linux x86_64) AppleWeb
2026-08-20T06:35:58.728Z GET /api/contests/C0011/rank -> 304 auth=eyJuIjoiYWRt ua=Mozilla/5.0 (X11; Linux x86_64) AppleWeb
2026-08-20T06:36:01.307Z GET /api/contests/C0011 -> 304 auth=eyJuIjoiYWRt ua=Mozilla/5.0 (X11; Linux x86_64) AppleWeb
2026-08-20T06:36:01.311Z GET /api/contests/C0011/rank -> 304 auth=eyJuIjoiYWRt ua=Mozilla/5.0 (X11; Linux x86_64) AppleWeb
2026-08-20T06:36:03.724Z GET /api/contests/C0011 -> 304 auth=eyJuIjoiYWRt ua=Mozilla/5.0 (X11; Linux x86_64) AppleWeb
2026-08-20T06:36:03.728Z GET /api/contests/C0011/rank -> 304 auth=eyJuIjoiYWRt ua=Mozilla/5.0 (X11; Linux x86_64) AppleWeb
2026-08-20T06:36:06.307Z GET /api/contests/C0011 -> 304 auth=eyJuIjoiYWRt ua=Mozilla/5.0 (X11; Linux x86_64) AppleWeb
2026-08-20T06:36:06.312Z GET /api/contests/C0011/rank -> 304 auth=eyJuIjoiYWRt ua=Mozilla/5.0 (X11; Linux x86_64) AppleWeb
2026-08-20T06:36:08.724Z GET /api/contests/C0011 -> 304 auth=eyJuIjoiYWRt ua=Mozilla/5.0 (X11; Linux x86_64) AppleWeb
2026-08-20T06:36:08.728Z GET /api/contests/C0011/rank -> 304 auth=eyJuIjoiYWRt ua=Mozilla/5.0 (X11; Linux x86_64) AppleWeb
2026-08-20T06:36:11.307Z GET /api/contests/C0011 -> 304 auth=eyJuIjoiYWRt ua=Mozilla/5.0 (X11; Linux x86_64) AppleWeb
2026-08-20T06:36:11.311Z GET /api/contests/C0011/rank -> 304 auth=eyJuIjoiYWRt ua=Mozilla/5.0 (X11; Linux x86_64) AppleWeb
2026-08-20T06:36:13.724Z GET /api/contests/C0011 -> 304 auth=eyJuIjoiYWRt ua=Mozilla/5.0 (X11; Linux x86_64) AppleWeb
2026-08-20T06:36:13.728Z GET /api/contests/C0011/rank -> 304 auth=eyJuIjoiYWRt ua=Mozilla/5.0 (X11; Linux x86_64) AppleWeb
2026-08-20T06:36:16.307Z GET /api/contests/C0011 -> 304 auth=eyJuIjoiYWRt ua=Mozilla/5.0 (X11; Linux x86_64) AppleWeb
2026-08-20T06:36:16.312Z GET /api/contests/C0011/rank -> 304 auth=eyJuIjoiYWRt ua=Mozilla/5.0 (X11; Linux x86_64) AppleWeb
2026-08-20T06:36:18.724Z GET /api/contests/C0011 -> 304 auth=eyJuIjoiYWRt ua=Mozilla/5.0 (X11; Linux x86_64) AppleWeb
2026-08-20T06:36:18.728Z GET /api/contests/C0011/rank -> 304 auth=eyJuIjoiYWRt ua=Mozilla/5.0 (X11; Linux x86_64) AppleWeb
2026-08-20T06:36:21.307Z GET /api/contests/C0011 -> 304 auth=eyJuIjoiYWRt ua=Mozilla/5.0 (X11; Linux x86_64) AppleWeb
2026-08-20T06:36:21.312Z GET /api/contests/C0011/rank -> 304 auth=eyJuIjoiYWRt ua=Mozilla/5.0 (X11; Linux x86_64) AppleWeb
2026-08-20T06:36:23.724Z GET /api/contests/C0011 -> 304 auth=eyJuIjoiYWRt ua=Mozilla/5.0 (X11; Linux x86_64) AppleWeb
2026-08-20T06:36:23.729Z GET /api/contests/C0011/rank -> 304 auth=eyJuIjoiYWRt ua=Mozilla/5.0 (X11; Linux x86_64) AppleWeb
2026-08-20T06:36:26.307Z GET /api/contests/C0011 -> 304 auth=eyJuIjoiYWRt ua=Mozilla/5.0 (X11; Linux x86_64) AppleWeb
2026-08-20T06:36:26.311Z GET /api/contests/C0011/rank -> 304 auth=eyJuIjoiYWRt ua=Mozilla/5.0 (X11; Linux x86_64) AppleWeb
2026-08-20T06:36:28.724Z GET /api/contests/C0011 -> 304 auth=eyJuIjoiYWRt ua=Mozilla/5.0 (X11; Linux x86_64) AppleWeb
2026-08-20T06:36:28.728Z GET /api/contests/C0011/rank -> 304 auth=eyJuIjoiYWRt ua=Mozilla/5.0 (X11; Linux x86_64) AppleWeb
2026-08-20T06:36:31.307Z GET /api/contests/C0011 -> 304 auth=eyJuIjoiYWRt ua=Mozilla/5.0 (X11; Linux x86_64) AppleWeb
2026-08-20T06:36:31.312Z GET /api/contests/C0011/rank -> 304 auth=eyJuIjoiYWRt ua=Mozilla/5.0 (X11; Linux x86_64) AppleWeb
2026-08-20T06:36:33.723Z GET /api/contests/C0011 -> 304 auth=eyJuIjoiYWRt ua=Mozilla/5.0 (X11; Linux x86_64) AppleWeb
2026-08-20T06:36:33.727Z GET /api/contests/C0011/rank -> 304 auth=eyJuIjoiYWRt ua=Mozilla/5.0 (X11; Linux x86_64) AppleWeb
2026-08-20T06:36:36.307Z GET /api/contests/C0011 -> 304 auth=eyJuIjoiYWRt ua=Mozilla/5.0 (X11; Linux x86_64) AppleWeb
2026-08-20T06:36:36.311Z GET /api/contests/C0011/rank -> 304 auth=eyJuIjoiYWRt ua=Mozilla/5.0 (X11; Linux x86_64) AppleWeb
2026-08-20T06:36:38.724Z GET /api/contests/C0011 -> 304 auth=eyJuIjoiYWRt ua=Mozilla/5.0 (X11; Linux x86_64) AppleWeb
2026-08-20T06:36:38.728Z GET /api/contests/C0011/rank -> 304 auth=eyJuIjoiYWRt ua=Mozilla/5.0 (X11; Linux x86_64) AppleWeb
2026-08-20T06:36:41.307Z GET /api/contests/C0011 -> 304 auth=eyJuIjoiYWRt ua=Mozilla/5.0 (X11; Linux x86_64) AppleWeb
2026-08-20T06:36:41.312Z GET /api/contests/C0011/rank -> 304 auth=eyJuIjoiYWRt ua=Mozilla/5.0 (X11; Linux x86_64) AppleWeb
2026-08-20T06:36:43.723Z GET /api/contests/C0011 -> 304 auth=eyJuIjoiYWRt ua=Mozilla/5.0 (X11; Linux x86_64) AppleWeb
2026-08-20T06:36:43.729Z GET /api/contests/C0011/rank -> 304 auth=eyJuIjoiYWRt ua=Mozilla/5.0 (X11; Linux x86_64) AppleWeb
2026-08-20T06:36:46.307Z GET /api/contests/C0011 -> 304 auth=eyJuIjoiYWRt ua=Mozilla/5.0 (X11; Linux x86_64) AppleWeb
2026-08-20T06:36:46.311Z GET /api/contests/C0011/rank -> 304 auth=eyJuIjoiYWRt ua=Mozilla/5.0 (X11; Linux x86_64) AppleWeb
2026-08-20T06:36:48.726Z GET /api/contests/C0011 -> 304 auth=eyJuIjoiYWRt ua=Mozilla/5.0 (X11; Linux x86_64) AppleWeb
2026-08-20T06:36:48.737Z GET /api/contests/C0011/rank -> 304 auth=eyJuIjoiYWRt ua=Mozilla/5.0 (X11; Linux x86_64) AppleWeb
2026-08-20T06:36:51.307Z GET /api/contests/C0011 -> 304 auth=eyJuIjoiYWRt ua=Mozilla/5.0 (X11; Linux x86_64) AppleWeb
2026-08-20T06:36:51.312Z GET /api/contests/C0011/rank -> 304 auth=eyJuIjoiYWRt ua=Mozilla/5.0 (X11; Linux x86_64) AppleWeb
2026-08-20T06:36:53.743Z GET /api/contests/C0011 -> 304 auth=eyJuIjoiYWRt ua=Mozilla/5.0 (X11; Linux x86_64) AppleWeb
2026-08-20T06:36:53.751Z GET /api/contests/C0011/rank -> 304 auth=eyJuIjoiYWRt ua=Mozilla/5.0 (X11; Linux x86_64) AppleWeb
2026-08-20T06:36:56.307Z GET /api/contests/C0011 -> 304 auth=eyJuIjoiYWRt ua=Mozilla/5.0 (X11; Linux x86_64) AppleWeb
2026-08-20T06:36:56.312Z GET /api/contests/C0011/rank -> 304 auth=eyJuIjoiYWRt ua=Mozilla/5.0 (X11; Linux x86_64) AppleWeb
2026-08-20T06:36:58.724Z GET /api/contests/C0011 -> 304 auth=eyJuIjoiYWRt ua=Mozilla/5.0 (X11; Linux x86_64) AppleWeb
2026-08-20T06:36:58.728Z GET /api/contests/C0011/rank -> 304 auth=eyJuIjoiYWRt ua=Mozilla/5.0 (X11; Linux x86_64) AppleWeb
2026-08-20T06:37:01.308Z GET /api/contests/C0011 -> 304 auth=eyJuIjoiYWRt ua=Mozilla/5.0 (X11; Linux x86_64) AppleWeb
2026-08-20T06:37:01.312Z GET /api/contests/C0011/rank -> 304 auth=eyJuIjoiYWRt ua=Mozilla/5.0 (X11; Linux x86_64) AppleWeb
2026-08-20T06:37:03.725Z GET /api/contests/C0011 -> 304 auth=eyJuIjoiYWRt ua=Mozilla/5.0 (X11; Linux x86_64) AppleWeb
2026-08-20T06:37:03.730Z GET /api/contests/C0011/rank -> 304 auth=eyJuIjoiYWRt ua=Mozilla/5.0 (X11; Linux x86_64) AppleWeb
2026-08-20T06:37:06.310Z GET /api/contests/C0011 -> 304 auth=eyJuIjoiYWRt ua=Mozilla/5.0 (X11; Linux x86_64) AppleWeb
2026-08-20T06:37:06.352Z GET /api/contests/C0011/rank -> 304 auth=eyJuIjoiYWRt ua=Mozilla/5.0 (X11; Linux x86_64) AppleWeb
2026-08-20T06:37:08.725Z GET /api/contests/C0011 -> 304 auth=eyJuIjoiYWRt ua=Mozilla/5.0 (X11; Linux x86_64) AppleWeb
2026-08-20T06:37:08.730Z GET /api/contests/C0011/rank -> 304 auth=eyJuIjoiYWRt ua=Mozilla/5.0 (X11; Linux x86_64) AppleWeb
2026-08-20T06:37:11.313Z GET /api/contests/C0011 -> 304 auth=eyJuIjoiYWRt ua=Mozilla/5.0 (X11; Linux x86_64) AppleWeb
2026-08-20T06:37:11.318Z GET /api/contests/C0011/rank -> 304 auth=eyJuIjoiYWRt ua=Mozilla/5.0 (X11; Linux x86_64) AppleWeb
2026-08-20T06:37:13.724Z GET /api/contests/C0011 -> 304 auth=eyJuIjoiYWRt ua=Mozilla/5.0 (X11; Linux x86_64) AppleWeb
2026-08-20T06:37:13.728Z GET /api/contests/C0011/rank -> 304 auth=eyJuIjoiYWRt ua=Mozilla/5.0 (X11; Linux x86_64) AppleWeb
2026-08-20T06:37:16.308Z GET /api/contests/C0011 -> 304 auth=eyJuIjoiYWRt ua=Mozilla/5.0 (X11; Linux x86_64) AppleWeb
2026-08-20T06:37:16.312Z GET /api/contests/C0011/rank -> 304 auth=eyJuIjoiYWRt ua=Mozilla/5.0 (X11; Linux x86_64) AppleWeb
2026-08-20T06:37:18.724Z GET /api/contests/C0011 -> 304 auth=eyJuIjoiYWRt ua=Mozilla/5.0 (X11; Linux x86_64) AppleWeb
2026-08-20T06:37:18.728Z GET /api/contests/C0011/rank -> 304 auth=eyJuIjoiYWRt ua=Mozilla/5.0 (X11; Linux x86_64) AppleWeb
2026-08-20T06:37:21.307Z GET /api/contests/C0011 -> 304 auth=eyJuIjoiYWRt ua=Mozilla/5.0 (X11; Linux x86_64) AppleWeb
2026-08-20T06:37:21.311Z GET /api/contests/C0011/rank -> 304 auth=eyJuIjoiYWRt ua=Mozilla/5.0 (X11; Linux x86_64) AppleWeb
2026-08-20T06:37:23.724Z GET /api/contests/C0011 -> 304 auth=eyJuIjoiYWRt ua=Mozilla/5.0 (X11; Linux x86_64) AppleWeb
2026-08-20T06:37:23.729Z GET /api/contests/C0011/rank -> 304 auth=eyJuIjoiYWRt ua=Mozilla/5.0 (X11; Linux x86_64) AppleWeb
2026-08-20T06:37:26.307Z GET /api/contests/C0011 -> 304 auth=eyJuIjoiYWRt ua=Mozilla/5.0 (X11; Linux x86_64) AppleWeb
2026-08-20T06:37:26.312Z GET /api/contests/C0011/rank -> 304 auth=eyJuIjoiYWRt ua=Mozilla/5.0 (X11; Linux x86_64) AppleWeb
2026-08-20T06:37:28.724Z GET /api/contests/C0011 -> 304 auth=eyJuIjoiYWRt ua=Mozilla/5.0 (X11; Linux x86_64) AppleWeb
2026-08-20T06:37:28.729Z GET /api/contests/C0011/rank -> 304 auth=eyJuIjoiYWRt ua=Mozilla/5.0 (X11; Linux x86_64) AppleWeb
2026-08-20T06:37:31.307Z GET /api/contests/C0011 -> 304 auth=eyJuIjoiYWRt ua=Mozilla/5.0 (X11; Linux x86_64) AppleWeb
2026-08-20T06:37:31.312Z GET /api/contests/C0011/rank -> 304 auth=eyJuIjoiYWRt ua=Mozilla/5.0 (X11; Linux x86_64) AppleWeb
2026-08-20T06:37:33.724Z GET /api/contests/C0011 -> 304 auth=eyJuIjoiYWRt ua=Mozilla/5.0 (X11; Linux x86_64) AppleWeb
2026-08-20T06:37:33.728Z GET /api/contests/C0011/rank -> 304 auth=eyJuIjoiYWRt ua=Mozilla/5.0 (X11; Linux x86_64) AppleWeb
2026-08-20T06:37:36.309Z GET /api/contests/C0011 -> 304 auth=eyJuIjoiYWRt ua=Mozilla/5.0 (X11; Linux x86_64) AppleWeb
2026-08-20T06:37:36.314Z GET /api/contests/C0011/rank -> 304 auth=eyJuIjoiYWRt ua=Mozilla/5.0 (X11; Linux x86_64) AppleWeb
2026-08-20T06:37:38.725Z GET /api/contests/C0011 -> 304 auth=eyJuIjoiYWRt ua=Mozilla/5.0 (X11; Linux x86_64) AppleWeb
2026-08-20T06:37:38.730Z GET /api/contests/C0011/rank -> 304 auth=eyJuIjoiYWRt ua=Mozilla/5.0 (X11; Linux x86_64) AppleWeb
2026-08-20T06:37:41.307Z GET /api/contests/C0011 -> 304 auth=eyJuIjoiYWRt ua=Mozilla/5.0 (X11; Linux x86_64) AppleWeb
2026-08-20T06:37:41.311Z GET /api/contests/C0011/rank -> 304 auth=eyJuIjoiYWRt ua=Mozilla/5.0 (X11; Linux x86_64) AppleWeb
2026-08-20T06:37:43.724Z GET /api/contests/C0011 -> 304 auth=eyJuIjoiYWRt ua=Mozilla/5.0 (X11; Linux x86_64) AppleWeb
2026-08-20T06:37:43.729Z GET /api/contests/C0011/rank -> 304 auth=eyJuIjoiYWRt ua=Mozilla/5.0 (X11; Linux x86_64) AppleWeb
2026-08-20T06:37:46.307Z GET /api/contests/C0011 -> 304 auth=eyJuIjoiYWRt ua=Mozilla/5.0 (X11; Linux x86_64) AppleWeb
2026-08-20T06:37:46.313Z GET /api/contests/C0011/rank -> 304 auth=eyJuIjoiYWRt ua=Mozilla/5.0 (X11; Linux x86_64) AppleWeb
2026-08-20T06:37:48.724Z GET /api/contests/C0011 -> 304 auth=eyJuIjoiYWRt ua=Mozilla/5.0 (X11; Linux x86_64) AppleWeb
2026-08-20T06:37:48.728Z GET /api/contests/C0011/rank -> 304 auth=eyJuIjoiYWRt ua=Mozilla/5.0 (X11; Linux x86_64) AppleWeb
2026-08-20T06:37:51.307Z GET /api/contests/C0011 -> 304 auth=eyJuIjoiYWRt ua=Mozilla/5.0 (X11; Linux x86_64) AppleWeb
2026-08-20T06:37:51.311Z GET /api/contests/C0011/rank -> 304 auth=eyJuIjoiYWRt ua=Mozilla/5.0 (X11; Linux x86_64) AppleWeb
2026-08-20T06:37:53.724Z GET /api/contests/C0011 -> 304 auth=eyJuIjoiYWRt ua=Mozilla/5.0 (X11; Linux x86_64) AppleWeb
2026-08-20T06:37:53.728Z GET /api/contests/C0011/rank -> 304 auth=eyJuIjoiYWRt ua=Mozilla/5.0 (X11; Linux x86_64) AppleWeb
2026-08-20T06:37:56.307Z GET /api/contests/C0011 -> 304 auth=eyJuIjoiYWRt ua=Mozilla/5.0 (X11; Linux x86_64) AppleWeb
2026-08-20T06:37:56.312Z GET /api/contests/C0011/rank -> 304 auth=eyJuIjoiYWRt ua=Mozilla/5.0 (X11; Linux x86_64) AppleWeb
2026-08-20T06:37:58.727Z GET /api/contests/C0011 -> 304 auth=eyJuIjoiYWRt ua=Mozilla/5.0 (X11; Linux x86_64) AppleWeb
2026-08-20T06:37:58.751Z GET /api/contests/C0011/rank -> 304 auth=eyJuIjoiYWRt ua=Mozilla/5.0 (X11; Linux x86_64) AppleWeb
2026-08-20T06:38:01.308Z GET /api/contests/C0011 -> 304 auth=eyJuIjoiYWRt ua=Mozilla/5.0 (X11; Linux x86_64) AppleWeb
2026-08-20T06:38:01.312Z GET /api/contests/C0011/rank -> 304 auth=eyJuIjoiYWRt ua=Mozilla/5.0 (X11; Linux x86_64) AppleWeb
2026-08-20T06:38:03.724Z GET /api/contests/C0011 -> 304 auth=eyJuIjoiYWRt ua=Mozilla/5.0 (X11; Linux x86_64) AppleWeb
2026-08-20T06:38:03.728Z GET /api/contests/C0011/rank -> 304 auth=eyJuIjoiYWRt ua=Mozilla/5.0 (X11; Linux x86_64) AppleWeb
2026-08-20T06:38:06.307Z GET /api/contests/C0011 -> 304 auth=eyJuIjoiYWRt ua=Mozilla/5.0 (X11; Linux x86_64) AppleWeb
2026-08-20T06:38:06.310Z GET /api/contests/C0011/rank -> 304 auth=eyJuIjoiYWRt ua=Mozilla/5.0 (X11; Linux x86_64) AppleWeb
2026-08-20T06:38:08.724Z GET /api/contests/C0011 -> 304 auth=eyJuIjoiYWRt ua=Mozilla/5.0 (X11; Linux x86_64) AppleWeb
2026-08-20T06:38:08.728Z GET /api/contests/C0011/rank -> 304 auth=eyJuIjoiYWRt ua=Mozilla/5.0 (X11; Linux x86_64) AppleWeb
2026-08-20T06:38:11.307Z GET /api/contests/C0011 -> 304 auth=eyJuIjoiYWRt ua=Mozilla/5.0 (X11; Linux x86_64) AppleWeb
2026-08-20T06:38:11.311Z GET /api/contests/C0011/rank -> 304 auth=eyJuIjoiYWRt ua=Mozilla/5.0 (X11; Linux x86_64) AppleWeb
2026-08-20T06:38:13.724Z GET /api/contests/C0011 -> 304 auth=eyJuIjoiYWRt ua=Mozilla/5.0 (X11; Linux x86_64) AppleWeb
2026-08-20T06:38:13.727Z GET /api/contests/C0011/rank -> 304 auth=eyJuIjoiYWRt ua=Mozilla/5.0 (X11; Linux x86_64) AppleWeb
2026-08-20T06:38:16.307Z GET /api/contests/C0011 -> 304 auth=eyJuIjoiYWRt ua=Mozilla/5.0 (X11; Linux x86_64) AppleWeb
2026-08-20T06:38:16.311Z GET /api/contests/C0011/rank -> 304 auth=eyJuIjoiYWRt ua=Mozilla/5.0 (X11; Linux x86_64) AppleWeb
2026-08-20T06:38:18.724Z GET /api/contests/C0011 -> 304 auth=eyJuIjoiYWRt ua=Mozilla/5.0 (X11; Linux x86_64) AppleWeb
2026-08-20T06:38:18.728Z GET /api/contests/C0011/rank -> 304 auth=eyJuIjoiYWRt ua=Mozilla/5.0 (X11; Linux x86_64) AppleWeb
2026-08-20T06:38:21.307Z GET /api/contests/C0011 -> 304 auth=eyJuIjoiYWRt ua=Mozilla/5.0 (X11; Linux x86_64) AppleWeb
2026-08-20T06:38:21.312Z GET /api/contests/C0011/rank -> 304 auth=eyJuIjoiYWRt ua=Mozilla/5.0 (X11; Linux x86_64) AppleWeb
2026-08-20T06:38:23.724Z GET /api/contests/C0011 -> 304 auth=eyJuIjoiYWRt ua=Mozilla/5.0 (X11; Linux x86_64) AppleWeb
2026-08-20T06:38:23.727Z GET /api/contests/C0011/rank -> 304 auth=eyJuIjoiYWRt ua=Mozilla/5.0 (X11; Linux x86_64) AppleWeb
2026-08-20T06:38:26.307Z GET /api/contests/C0011 -> 304 auth=eyJuIjoiYWRt ua=Mozilla/5.0 (X11; Linux x86_64) AppleWeb
2026-08-20T06:38:26.311Z GET /api/contests/C0011/rank -> 304 auth=eyJuIjoiYWRt ua=Mozilla/5.0 (X11; Linux x86_64) AppleWeb
2026-08-20T06:38:28.724Z GET /api/contests/C0011 -> 304 auth=eyJuIjoiYWRt ua=Mozilla/5.0 (X11; Linux x86_64) AppleWeb
2026-08-20T06:38:28.737Z GET /api/contests/C0011/rank -> 304 auth=eyJuIjoiYWRt ua=Mozilla/5.0 (X11; Linux x86_64) AppleWeb
2026-08-20T06:38:31.307Z GET /api/contests/C0011 -> 304 auth=eyJuIjoiYWRt ua=Mozilla/5.0 (X11; Linux x86_64) AppleWeb
2026-08-20T06:38:31.312Z GET /api/contests/C0011/rank -> 304 auth=eyJuIjoiYWRt ua=Mozilla/5.0 (X11; Linux x86_64) AppleWeb
2026-08-20T06:38:33.723Z GET /api/contests/C0011 -> 304 auth=eyJuIjoiYWRt ua=Mozilla/5.0 (X11; Linux x86_64) AppleWeb
2026-08-20T06:38:33.734Z GET /api/contests/C0011/rank -> 304 auth=eyJuIjoiYWRt ua=Mozilla/5.0 (X11; Linux x86_64) AppleWeb
2026-08-20T06:38:36.307Z GET /api/contests/C0011 -> 304 auth=eyJuIjoiYWRt ua=Mozilla/5.0 (X11; Linux x86_64) AppleWeb
2026-08-20T06:38:36.312Z GET /api/contests/C0011/rank -> 304 auth=eyJuIjoiYWRt ua=Mozilla/5.0 (X11; Linux x86_64) AppleWeb
2026-08-20T06:38:38.724Z GET /api/contests/C0011 -> 304 auth=eyJuIjoiYWRt ua=Mozilla/5.0 (X11; Linux x86_64) AppleWeb
2026-08-20T06:38:38.731Z GET /api/contests/C0011/rank -> 304 auth=eyJuIjoiYWRt ua=Mozilla/5.0 (X11; Linux x86_64) AppleWeb
2026-08-20T06:38:41.310Z GET /api/contests/C0011 -> 304 auth=eyJuIjoiYWRt ua=Mozilla/5.0 (X11; Linux x86_64) AppleWeb
2026-08-20T06:38:41.315Z GET /api/contests/C0011/rank -> 304 auth=eyJuIjoiYWRt ua=Mozilla/5.0 (X11; Linux x86_64) AppleWeb
2026-08-20T06:38:43.724Z GET /api/contests/C0011 -> 304 auth=eyJuIjoiYWRt ua=Mozilla/5.0 (X11; Linux x86_64) AppleWeb
2026-08-20T06:38:43.727Z GET /api/contests/C0011/rank -> 304 auth=eyJuIjoiYWRt ua=Mozilla/5.0 (X11; Linux x86_64) AppleWeb
2026-08-20T06:38:46.307Z GET /api/contests/C0011 -> 304 auth=eyJuIjoiYWRt ua=Mozilla/5.0 (X11; Linux x86_64) AppleWeb
2026-08-20T06:38:46.360Z GET /api/contests/C0011/rank -> 304 auth=eyJuIjoiYWRt ua=Mozilla/5.0 (X11; Linux x86_64) AppleWeb
2026-08-20T06:38:48.724Z GET /api/contests/C0011 -> 304 auth=eyJuIjoiYWRt ua=Mozilla/5.0 (X11; Linux x86_64) AppleWeb
2026-08-20T06:38:48.729Z GET /api/contests/C0011/rank -> 304 auth=eyJuIjoiYWRt ua=Mozilla/5.0 (X11; Linux x86_64) AppleWeb
2026-08-20T06:38:51.307Z GET /api/contests/C0011 -> 304 auth=eyJuIjoiYWRt ua=Mozilla/5.0 (X11; Linux x86_64) AppleWeb
2026-08-20T06:38:51.310Z GET /api/contests/C0011/rank -> 304 auth=eyJuIjoiYWRt ua=Mozilla/5.0 (X11; Linux x86_64) AppleWeb
2026-08-20T06:38:53.723Z GET /api/contests/C0011 -> 304 auth=eyJuIjoiYWRt ua=Mozilla/5.0 (X11; Linux x86_64) AppleWeb
2026-08-20T06:38:53.728Z GET /api/contests/C0011/rank -> 304 auth=eyJuIjoiYWRt ua=Mozilla/5.0 (X11; Linux x86_64) AppleWeb
2026-08-20T06:38:56.307Z GET /api/contests/C0011 -> 304 auth=eyJuIjoiYWRt ua=Mozilla/5.0 (X11; Linux x86_64) AppleWeb
2026-08-20T06:38:56.310Z GET /api/contests/C0011/rank -> 304 auth=eyJuIjoiYWRt ua=Mozilla/5.0 (X11; Linux x86_64) AppleWeb
2026-08-20T06:38:58.724Z GET /api/contests/C0011 -> 304 auth=eyJuIjoiYWRt ua=Mozilla/5.0 (X11; Linux x86_64) AppleWeb
2026-08-20T06:38:58.728Z GET /api/contests/C0011/rank -> 304 auth=eyJuIjoiYWRt ua=Mozilla/5.0 (X11; Linux x86_64) AppleWeb
2026-08-20T06:39:01.307Z GET /api/contests/C0011 -> 304 auth=eyJuIjoiYWRt ua=Mozilla/5.0 (X11; Linux x86_64) AppleWeb
2026-08-20T06:39:01.311Z GET /api/contests/C0011/rank -> 304 auth=eyJuIjoiYWRt ua=Mozilla/5.0 (X11; Linux x86_64) AppleWeb
2026-08-20T06:39:03.724Z GET /api/contests/C0011 -> 304 auth=eyJuIjoiYWRt ua=Mozilla/5.0 (X11; Linux x86_64) AppleWeb
2026-08-20T06:39:03.730Z GET /api/contests/C0011/rank -> 304 auth=eyJuIjoiYWRt ua=Mozilla/5.0 (X11; Linux x86_64) AppleWeb
2026-08-20T06:39:06.307Z GET /api/contests/C0011 -> 304 auth=eyJuIjoiYWRt ua=Mozilla/5.0 (X11; Linux x86_64) AppleWeb
2026-08-20T06:39:06.311Z GET /api/contests/C0011/rank -> 304 auth=eyJuIjoiYWRt ua=Mozilla/5.0 (X11; Linux x86_64) AppleWeb
2026-08-20T06:39:08.724Z GET /api/contests/C0011 -> 304 auth=eyJuIjoiYWRt ua=Mozilla/5.0 (X11; Linux x86_64) AppleWeb
2026-08-20T06:39:08.730Z GET /api/contests/C0011/rank -> 304 auth=eyJuIjoiYWRt ua=Mozilla/5.0 (X11; Linux x86_64) AppleWeb
2026-08-20T06:39:11.307Z GET /api/contests/C0011 -> 304 auth=eyJuIjoiYWRt ua=Mozilla/5.0 (X11; Linux x86_64) AppleWeb
2026-08-20T06:39:11.311Z GET /api/contests/C0011/rank -> 304 auth=eyJuIjoiYWRt ua=Mozilla/5.0 (X11; Linux x86_64) AppleWeb
2026-08-20T06:39:13.724Z GET /api/contests/C0011 -> 304 auth=eyJuIjoiYWRt ua=Mozilla/5.0 (X11; Linux x86_64) AppleWeb
2026-08-20T06:39:13.728Z GET /api/contests/C0011/rank -> 304 auth=eyJuIjoiYWRt ua=Mozilla/5.0 (X11; Linux x86_64) AppleWeb
2026-08-20T06:39:16.306Z GET /api/contests/C0011 -> 304 auth=eyJuIjoiYWRt ua=Mozilla/5.0 (X11; Linux x86_64) AppleWeb
2026-08-20T06:39:16.311Z GET /api/contests/C0011/rank -> 304 auth=eyJuIjoiYWRt ua=Mozilla/5.0 (X11; Linux x86_64) AppleWeb
2026-08-20T06:39:18.724Z GET /api/contests/C0011 -> 304 auth=eyJuIjoiYWRt ua=Mozilla/5.0 (X11; Linux x86_64) AppleWeb
2026-08-20T06:39:18.728Z GET /api/contests/C0011/rank -> 304 auth=eyJuIjoiYWRt ua=Mozilla/5.0 (X11; Linux x86_64) AppleWeb
2026-08-20T06:39:21.307Z GET /api/contests/C0011 -> 304 auth=eyJuIjoiYWRt ua=Mozilla/5.0 (X11; Linux x86_64) AppleWeb
2026-08-20T06:39:21.312Z GET /api/contests/C0011/rank -> 304 auth=eyJuIjoiYWRt ua=Mozilla/5.0 (X11; Linux x86_64) AppleWeb
2026-08-20T06:39:23.724Z GET /api/contests/C0011 -> 304 auth=eyJuIjoiYWRt ua=Mozilla/5.0 (X11; Linux x86_64) AppleWeb
2026-08-20T06:39:23.731Z GET /api/contests/C0011/rank -> 304 auth=eyJuIjoiYWRt ua=Mozilla/5.0 (X11; Linux x86_64) AppleWeb
2026-08-20T06:39:26.307Z GET /api/contests/C0011 -> 304 auth=eyJuIjoiYWRt ua=Mozilla/5.0 (X11; Linux x86_64) AppleWeb
2026-08-20T06:39:26.311Z GET /api/contests/C0011/rank -> 304 auth=eyJuIjoiYWRt ua=Mozilla/5.0 (X11; Linux x86_64) AppleWeb
2026-08-20T06:39:29.166Z GET /api/contests/C0011 -> 304 auth=eyJuIjoiYWRt ua=Mozilla/5.0 (X11; Linux x86_64) AppleWeb
2026-08-20T06:39:29.171Z GET /api/contests/C0011/rank -> 304 auth=eyJuIjoiYWRt ua=Mozilla/5.0 (X11; Linux x86_64) AppleWeb
2026-08-20T06:39:31.307Z GET /api/contests/C0011 -> 304 auth=eyJuIjoiYWRt ua=Mozilla/5.0 (X11; Linux x86_64) AppleWeb
2026-08-20T06:39:31.311Z GET /api/contests/C0011/rank -> 304 auth=eyJuIjoiYWRt ua=Mozilla/5.0 (X11; Linux x86_64) AppleWeb
2026-08-20T06:39:33.723Z GET /api/contests/C0011 -> 304 auth=eyJuIjoiYWRt ua=Mozilla/5.0 (X11; Linux x86_64) AppleWeb
2026-08-20T06:39:33.728Z GET /api/contests/C0011/rank -> 304 auth=eyJuIjoiYWRt ua=Mozilla/5.0 (X11; Linux x86_64) AppleWeb
2026-08-20T06:39:36.307Z GET /api/contests/C0011 -> 304 auth=eyJuIjoiYWRt ua=Mozilla/5.0 (X11; Linux x86_64) AppleWeb
2026-08-20T06:39:36.311Z GET /api/contests/C0011/rank -> 304 auth=eyJuIjoiYWRt ua=Mozilla/5.0 (X11; Linux x86_64) AppleWeb
2026-08-20T06:39:38.725Z GET /api/contests/C0011 -> 304 auth=eyJuIjoiYWRt ua=Mozilla/5.0 (X11; Linux x86_64) AppleWeb
2026-08-20T06:39:38.730Z GET /api/contests/C0011/rank -> 304 auth=eyJuIjoiYWRt ua=Mozilla/5.0 (X11; Linux x86_64) AppleWeb
2026-08-20T06:39:41.307Z GET /api/contests/C0011 -> 304 auth=eyJuIjoiYWRt ua=Mozilla/5.0 (X11; Linux x86_64) AppleWeb
2026-08-20T06:39:41.311Z GET /api/contests/C0011/rank -> 304 auth=eyJuIjoiYWRt ua=Mozilla/5.0 (X11; Linux x86_64) AppleWeb
2026-08-20T06:39:43.724Z GET /api/contests/C0011 -> 304 auth=eyJuIjoiYWRt ua=Mozilla/5.0 (X11; Linux x86_64) AppleWeb
2026-08-20T06:39:43.729Z GET /api/contests/C0011/rank -> 304 auth=eyJuIjoiYWRt ua=Mozilla/5.0 (X11; Linux x86_64) AppleWeb
2026-08-20T06:39:46.308Z GET /api/contests/C0011 -> 304 auth=eyJuIjoiYWRt ua=Mozilla/5.0 (X11; Linux x86_64) AppleWeb
2026-08-20T06:39:46.312Z GET /api/contests/C0011/rank -> 304 auth=eyJuIjoiYWRt ua=Mozilla/5.0 (X11; Linux x86_64) AppleWeb
2026-08-20T06:39:48.724Z GET /api/contests/C0011 -> 304 auth=eyJuIjoiYWRt ua=Mozilla/5.0 (X11; Linux x86_64) AppleWeb
2026-08-20T06:39:48.727Z GET /api/contests/C0011/rank -> 304 auth=eyJuIjoiYWRt ua=Mozilla/5.0 (X11; Linux x86_64) AppleWeb
2026-08-20T06:39:51.306Z GET /api/contests/C0011 -> 304 auth=eyJuIjoiYWRt ua=Mozilla/5.0 (X11; Linux x86_64) AppleWeb
2026-08-20T06:39:51.310Z GET /api/contests/C0011/rank -> 304 auth=eyJuIjoiYWRt ua=Mozilla/5.0 (X11; Linux x86_64) AppleWeb
2026-08-20T06:39:53.724Z GET /api/contests/C0011 -> 304 auth=eyJuIjoiYWRt ua=Mozilla/5.0 (X11; Linux x86_64) AppleWeb
2026-08-20T06:39:53.728Z GET /api/contests/C0011/rank -> 304 auth=eyJuIjoiYWRt ua=Mozilla/5.0 (X11; Linux x86_64) AppleWeb
2026-08-20T06:39:56.307Z GET /api/contests/C0011 -> 304 auth=eyJuIjoiYWRt ua=Mozilla/5.0 (X11; Linux x86_64) AppleWeb
2026-08-20T06:39:56.312Z GET /api/contests/C0011/rank -> 304 auth=eyJuIjoiYWRt ua=Mozilla/5.0 (X11; Linux x86_64) AppleWeb
2026-08-20T06:39:58.725Z GET /api/contests/C0011 -> 304 auth=eyJuIjoiYWRt ua=Mozilla/5.0 (X11; Linux x86_64) AppleWeb
2026-08-20T06:39:58.733Z GET /api/contests/C0011/rank -> 304 auth=eyJuIjoiYWRt ua=Mozilla/5.0 (X11; Linux x86_64) AppleWeb
2026-08-20T06:40:01.307Z GET /api/contests/C0011 -> 304 auth=eyJuIjoiYWRt ua=Mozilla/5.0 (X11; Linux x86_64) AppleWeb
2026-08-20T06:40:01.311Z GET /api/contests/C0011/rank -> 304 auth=eyJuIjoiYWRt ua=Mozilla/5.0 (X11; Linux x86_64) AppleWeb
2026-08-20T06:40:03.724Z GET /api/contests/C0011 -> 304 auth=eyJuIjoiYWRt ua=Mozilla/5.0 (X11; Linux x86_64) AppleWeb
2026-08-20T06:40:03.729Z GET /api/contests/C0011/rank -> 304 auth=eyJuIjoiYWRt ua=Mozilla/5.0 (X11; Linux x86_64) AppleWeb
2026-08-20T06:40:06.307Z GET /api/contests/C0011 -> 304 auth=eyJuIjoiYWRt ua=Mozilla/5.0 (X11; Linux x86_64) AppleWeb
2026-08-20T06:40:06.313Z GET /api/contests/C0011/rank -> 304 auth=eyJuIjoiYWRt ua=Mozilla/5.0 (X11; Linux x86_64) AppleWeb
2026-08-20T06:40:08.724Z GET /api/contests/C0011 -> 304 auth=eyJuIjoiYWRt ua=Mozilla/5.0 (X11; Linux x86_64) AppleWeb
2026-08-20T06:40:08.728Z GET /api/contests/C0011/rank -> 304 auth=eyJuIjoiYWRt ua=Mozilla/5.0 (X11; Linux x86_64) AppleWeb
2026-08-20T06:40:11.307Z GET /api/contests/C0011 -> 304 auth=eyJuIjoiYWRt ua=Mozilla/5.0 (X11; Linux x86_64) AppleWeb
2026-08-20T06:40:11.311Z GET /api/contests/C0011/rank -> 304 auth=eyJuIjoiYWRt ua=Mozilla/5.0 (X11; Linux x86_64) AppleWeb
2026-08-20T06:40:13.724Z GET /api/contests/C0011 -> 304 auth=eyJuIjoiYWRt ua=Mozilla/5.0 (X11; Linux x86_64) AppleWeb
2026-08-20T06:40:13.728Z GET /api/contests/C0011/rank -> 304 auth=eyJuIjoiYWRt ua=Mozilla/5.0 (X11; Linux x86_64) AppleWeb
2026-08-20T06:40:16.315Z GET /api/contests/C0011 -> 304 auth=eyJuIjoiYWRt ua=Mozilla/5.0 (X11; Linux x86_64) AppleWeb
2026-08-20T06:40:16.326Z GET /api/contests/C0011/rank -> 304 auth=eyJuIjoiYWRt ua=Mozilla/5.0 (X11; Linux x86_64) AppleWeb
2026-08-20T06:40:18.724Z GET /api/contests/C0011 -> 304 auth=eyJuIjoiYWRt ua=Mozilla/5.0 (X11; Linux x86_64) AppleWeb
2026-08-20T06:40:18.728Z GET /api/contests/C0011/rank -> 304 auth=eyJuIjoiYWRt ua=Mozilla/5.0 (X11; Linux x86_64) AppleWeb
2026-08-20T06:40:21.307Z GET /api/contests/C0011 -> 304 auth=eyJuIjoiYWRt ua=Mozilla/5.0 (X11; Linux x86_64) AppleWeb
2026-08-20T06:40:21.310Z GET /api/contests/C0011/rank -> 304 auth=eyJuIjoiYWRt ua=Mozilla/5.0 (X11; Linux x86_64) AppleWeb
2026-08-20T06:40:23.724Z GET /api/contests/C0011 -> 304 auth=eyJuIjoiYWRt ua=Mozilla/5.0 (X11; Linux x86_64) AppleWeb
2026-08-20T06:40:23.727Z GET /api/contests/C0011/rank -> 304 auth=eyJuIjoiYWRt ua=Mozilla/5.0 (X11; Linux x86_64) AppleWeb
2026-08-20T06:40:26.307Z GET /api/contests/C0011 -> 304 auth=eyJuIjoiYWRt ua=Mozilla/5.0 (X11; Linux x86_64) AppleWeb
2026-08-20T06:40:26.312Z GET /api/contests/C0011/rank -> 304 auth=eyJuIjoiYWRt ua=Mozilla/5.0 (X11; Linux x86_64) AppleWeb
2026-08-20T06:40:28.727Z GET /api/contests/C0011 -> 304 auth=eyJuIjoiYWRt ua=Mozilla/5.0 (X11; Linux x86_64) AppleWeb
2026-08-20T06:40:28.731Z GET /api/contests/C0011/rank -> 304 auth=eyJuIjoiYWRt ua=Mozilla/5.0 (X11; Linux x86_64) AppleWeb
2026-08-20T06:40:31.307Z GET /api/contests/C0011 -> 304 auth=eyJuIjoiYWRt ua=Mozilla/5.0 (X11; Linux x86_64) AppleWeb
2026-08-20T06:40:31.312Z GET /api/contests/C0011/rank -> 304 auth=eyJuIjoiYWRt ua=Mozilla/5.0 (X11; Linux x86_64) AppleWeb
2026-08-20T06:40:33.724Z GET /api/contests/C0011 -> 304 auth=eyJuIjoiYWRt ua=Mozilla/5.0 (X11; Linux x86_64) AppleWeb
2026-08-20T06:40:33.728Z GET /api/contests/C0011/rank -> 304 auth=eyJuIjoiYWRt ua=Mozilla/5.0 (X11; Linux x86_64) AppleWeb
2026-08-20T06:40:36.307Z GET /api/contests/C0011 -> 304 auth=eyJuIjoiYWRt ua=Mozilla/5.0 (X11; Linux x86_64) AppleWeb
2026-08-20T06:40:36.311Z GET /api/contests/C0011/rank -> 304 auth=eyJuIjoiYWRt ua=Mozilla/5.0 (X11; Linux x86_64) AppleWeb
2026-08-20T06:40:38.724Z GET /api/contests/C0011 -> 304 auth=eyJuIjoiYWRt ua=Mozilla/5.0 (X11; Linux x86_64) AppleWeb
2026-08-20T06:40:38.727Z GET /api/contests/C0011/rank -> 304 auth=eyJuIjoiYWRt ua=Mozilla/5.0 (X11; Linux x86_64) AppleWeb
2026-08-20T06:40:41.307Z GET /api/contests/C0011 -> 304 auth=eyJuIjoiYWRt ua=Mozilla/5.0 (X11; Linux x86_64) AppleWeb
2026-08-20T06:40:41.311Z GET /api/contests/C0011/rank -> 304 auth=eyJuIjoiYWRt ua=Mozilla/5.0 (X11; Linux x86_64) AppleWeb
2026-08-20T06:40:43.724Z GET /api/contests/C0011 -> 304 auth=eyJuIjoiYWRt ua=Mozilla/5.0 (X11; Linux x86_64) AppleWeb
2026-08-20T06:40:43.728Z GET /api/contests/C0011/rank -> 304 auth=eyJuIjoiYWRt ua=Mozilla/5.0 (X11; Linux x86_64) AppleWeb
2026-08-20T06:40:46.307Z GET /api/contests/C0011 -> 304 auth=eyJuIjoiYWRt ua=Mozilla/5.0 (X11; Linux x86_64) AppleWeb
2026-08-20T06:40:46.311Z GET /api/contests/C0011/rank -> 304 auth=eyJuIjoiYWRt ua=Mozilla/5.0 (X11; Linux x86_64) AppleWeb
2026-08-20T06:40:48.724Z GET /api/contests/C0011 -> 304 auth=eyJuIjoiYWRt ua=Mozilla/5.0 (X11; Linux x86_64) AppleWeb
2026-08-20T06:40:48.728Z GET /api/contests/C0011/rank -> 304 auth=eyJuIjoiYWRt ua=Mozilla/5.0 (X11; Linux x86_64) AppleWeb
2026-08-20T06:40:51.307Z GET /api/contests/C0011 -> 304 auth=eyJuIjoiYWRt ua=Mozilla/5.0 (X11; Linux x86_64) AppleWeb
2026-08-20T06:40:51.311Z GET /api/contests/C0011/rank -> 304 auth=eyJuIjoiYWRt ua=Mozilla/5.0 (X11; Linux x86_64) AppleWeb
2026-08-20T06:40:53.724Z GET /api/contests/C0011 -> 304 auth=eyJuIjoiYWRt ua=Mozilla/5.0 (X11; Linux x86_64) AppleWeb
2026-08-20T06:40:53.728Z GET /api/contests/C0011/rank -> 304 auth=eyJuIjoiYWRt ua=Mozilla/5.0 (X11; Linux x86_64) AppleWeb
2026-08-20T06:40:56.307Z GET /api/contests/C0011 -> 304 auth=eyJuIjoiYWRt ua=Mozilla/5.0 (X11; Linux x86_64) AppleWeb
2026-08-20T06:40:56.311Z GET /api/contests/C0011/rank -> 304 auth=eyJuIjoiYWRt ua=Mozilla/5.0 (X11; Linux x86_64) AppleWeb
2026-08-20T06:40:58.724Z GET /api/contests/C0011 -> 304 auth=eyJuIjoiYWRt ua=Mozilla/5.0 (X11; Linux x86_64) AppleWeb
2026-08-20T06:40:58.727Z GET /api/contests/C0011/rank -> 304 auth=eyJuIjoiYWRt ua=Mozilla/5.0 (X11; Linux x86_64) AppleWeb
2026-08-20T06:41:01.307Z GET /api/contests/C0011 -> 304 auth=eyJuIjoiYWRt ua=Mozilla/5.0 (X11; Linux x86_64) AppleWeb
2026-08-20T06:41:01.311Z GET /api/contests/C0011/rank -> 304 auth=eyJuIjoiYWRt ua=Mozilla/5.0 (X11; Linux x86_64) AppleWeb
2026-08-20T06:41:03.723Z GET /api/contests/C0011 -> 304 auth=eyJuIjoiYWRt ua=Mozilla/5.0 (X11; Linux x86_64) AppleWeb
2026-08-20T06:41:03.727Z GET /api/contests/C0011/rank -> 304 auth=eyJuIjoiYWRt ua=Mozilla/5.0 (X11; Linux x86_64) AppleWeb
2026-08-20T06:41:06.307Z GET /api/contests/C0011 -> 304 auth=eyJuIjoiYWRt ua=Mozilla/5.0 (X11; Linux x86_64) AppleWeb
2026-08-20T06:41:06.311Z GET /api/contests/C0011/rank -> 304 auth=eyJuIjoiYWRt ua=Mozilla/5.0 (X11; Linux x86_64) AppleWeb
2026-08-20T06:41:08.723Z GET /api/contests/C0011 -> 304 auth=eyJuIjoiYWRt ua=Mozilla/5.0 (X11; Linux x86_64) AppleWeb
2026-08-20T06:41:08.734Z GET /api/contests/C0011/rank -> 304 auth=eyJuIjoiYWRt ua=Mozilla/5.0 (X11; Linux x86_64) AppleWeb
2026-08-20T06:41:11.313Z GET /api/contests/C0011 -> 304 auth=eyJuIjoiYWRt ua=Mozilla/5.0 (X11; Linux x86_64) AppleWeb
2026-08-20T06:41:11.317Z GET /api/contests/C0011/rank -> 304 auth=eyJuIjoiYWRt ua=Mozilla/5.0 (X11; Linux x86_64) AppleWeb
2026-08-20T06:41:13.730Z GET /api/contests/C0011 -> 304 auth=eyJuIjoiYWRt ua=Mozilla/5.0 (X11; Linux x86_64) AppleWeb
2026-08-20T06:41:13.734Z GET /api/contests/C0011/rank -> 304 auth=eyJuIjoiYWRt ua=Mozilla/5.0 (X11; Linux x86_64) AppleWeb
2026-08-20T06:41:16.307Z GET /api/contests/C0011 -> 304 auth=eyJuIjoiYWRt ua=Mozilla/5.0 (X11; Linux x86_64) AppleWeb
2026-08-20T06:41:16.313Z GET /api/contests/C0011/rank -> 304 auth=eyJuIjoiYWRt ua=Mozilla/5.0 (X11; Linux x86_64) AppleWeb
2026-08-20T06:41:18.724Z GET /api/contests/C0011 -> 304 auth=eyJuIjoiYWRt ua=Mozilla/5.0 (X11; Linux x86_64) AppleWeb
2026-08-20T06:41:18.728Z GET /api/contests/C0011/rank -> 304 auth=eyJuIjoiYWRt ua=Mozilla/5.0 (X11; Linux x86_64) AppleWeb
2026-08-20T06:41:21.307Z GET /api/contests/C0011 -> 304 auth=eyJuIjoiYWRt ua=Mozilla/5.0 (X11; Linux x86_64) AppleWeb
2026-08-20T06:41:21.317Z GET /api/contests/C0011/rank -> 304 auth=eyJuIjoiYWRt ua=Mozilla/5.0 (X11; Linux x86_64) AppleWeb
2026-08-20T06:41:23.724Z GET /api/contests/C0011 -> 304 auth=eyJuIjoiYWRt ua=Mozilla/5.0 (X11; Linux x86_64) AppleWeb
2026-08-20T06:41:23.729Z GET /api/contests/C0011/rank -> 304 auth=eyJuIjoiYWRt ua=Mozilla/5.0 (X11; Linux x86_64) AppleWeb
2026-08-20T06:41:26.307Z GET /api/contests/C0011 -> 304 auth=eyJuIjoiYWRt ua=Mozilla/5.0 (X11; Linux x86_64) AppleWeb
2026-08-20T06:41:26.311Z GET /api/contests/C0011/rank -> 304 auth=eyJuIjoiYWRt ua=Mozilla/5.0 (X11; Linux x86_64) AppleWeb
2026-08-20T06:41:28.724Z GET /api/contests/C0011 -> 304 auth=eyJuIjoiYWRt ua=Mozilla/5.0 (X11; Linux x86_64) AppleWeb
2026-08-20T06:41:28.728Z GET /api/contests/C0011/rank -> 304 auth=eyJuIjoiYWRt ua=Mozilla/5.0 (X11; Linux x86_64) AppleWeb
2026-08-20T06:41:31.307Z GET /api/contests/C0011 -> 304 auth=eyJuIjoiYWRt ua=Mozilla/5.0 (X11; Linux x86_64) AppleWeb
2026-08-20T06:41:31.311Z GET /api/contests/C0011/rank -> 304 auth=eyJuIjoiYWRt ua=Mozilla/5.0 (X11; Linux x86_64) AppleWeb
2026-08-20T06:41:33.724Z GET /api/contests/C0011 -> 304 auth=eyJuIjoiYWRt ua=Mozilla/5.0 (X11; Linux x86_64) AppleWeb
2026-08-20T06:41:33.728Z GET /api/contests/C0011/rank -> 304 auth=eyJuIjoiYWRt ua=Mozilla/5.0 (X11; Linux x86_64) AppleWeb
2026-08-20T06:41:36.307Z GET /api/contests/C0011 -> 304 auth=eyJuIjoiYWRt ua=Mozilla/5.0 (X11; Linux x86_64) AppleWeb
2026-08-20T06:41:36.313Z GET /api/contests/C0011/rank -> 304 auth=eyJuIjoiYWRt ua=Mozilla/5.0 (X11; Linux x86_64) AppleWeb
2026-08-20T06:41:38.724Z GET /api/contests/C0011 -> 304 auth=eyJuIjoiYWRt ua=Mozilla/5.0 (X11; Linux x86_64) AppleWeb
2026-08-20T06:41:38.735Z GET /api/contests/C0011/rank -> 304 auth=eyJuIjoiYWRt ua=Mozilla/5.0 (X11; Linux x86_64) AppleWeb
2026-08-20T06:41:41.307Z GET /api/contests/C0011 -> 304 auth=eyJuIjoiYWRt ua=Mozilla/5.0 (X11; Linux x86_64) AppleWeb
2026-08-20T06:41:41.312Z GET /api/contests/C0011/rank -> 304 auth=eyJuIjoiYWRt ua=Mozilla/5.0 (X11; Linux x86_64) AppleWeb
2026-08-20T06:41:43.723Z GET /api/contests/C0011 -> 304 auth=eyJuIjoiYWRt ua=Mozilla/5.0 (X11; Linux x86_64) AppleWeb
2026-08-20T06:41:43.727Z GET /api/contests/C0011/rank -> 304 auth=eyJuIjoiYWRt ua=Mozilla/5.0 (X11; Linux x86_64) AppleWeb
2026-08-20T06:41:46.307Z GET /api/contests/C0011 -> 304 auth=eyJuIjoiYWRt ua=Mozilla/5.0 (X11; Linux x86_64) AppleWeb
2026-08-20T06:41:46.311Z GET /api/contests/C0011/rank -> 304 auth=eyJuIjoiYWRt ua=Mozilla/5.0 (X11; Linux x86_64) AppleWeb
2026-08-20T06:41:48.723Z GET /api/contests/C0011 -> 304 auth=eyJuIjoiYWRt ua=Mozilla/5.0 (X11; Linux x86_64) AppleWeb
2026-08-20T06:41:48.727Z GET /api/contests/C0011/rank -> 304 auth=eyJuIjoiYWRt ua=Mozilla/5.0 (X11; Linux x86_64) AppleWeb
2026-08-20T06:41:51.307Z GET /api/contests/C0011 -> 304 auth=eyJuIjoiYWRt ua=Mozilla/5.0 (X11; Linux x86_64) AppleWeb
2026-08-20T06:41:51.311Z GET /api/contests/C0011/rank -> 304 auth=eyJuIjoiYWRt ua=Mozilla/5.0 (X11; Linux x86_64) AppleWeb
2026-08-20T06:41:53.724Z GET /api/contests/C0011 -> 304 auth=eyJuIjoiYWRt ua=Mozilla/5.0 (X11; Linux x86_64) AppleWeb
2026-08-20T06:41:53.728Z GET /api/contests/C0011/rank -> 304 auth=eyJuIjoiYWRt ua=Mozilla/5.0 (X11; Linux x86_64) AppleWeb
2026-08-20T06:41:56.307Z GET /api/contests/C0011 -> 304 auth=eyJuIjoiYWRt ua=Mozilla/5.0 (X11; Linux x86_64) AppleWeb
2026-08-20T06:41:56.315Z GET /api/contests/C0011/rank -> 304 auth=eyJuIjoiYWRt ua=Mozilla/5.0 (X11; Linux x86_64) AppleWeb
2026-08-20T06:41:58.723Z GET /api/contests/C0011 -> 304 auth=eyJuIjoiYWRt ua=Mozilla/5.0 (X11; Linux x86_64) AppleWeb
2026-08-20T06:41:58.727Z GET /api/contests/C0011/rank -> 304 auth=eyJuIjoiYWRt ua=Mozilla/5.0 (X11; Linux x86_64) AppleWeb
2026-08-20T06:42:01.307Z GET /api/contests/C0011 -> 304 auth=eyJuIjoiYWRt ua=Mozilla/5.0 (X11; Linux x86_64) AppleWeb
2026-08-20T06:42:01.312Z GET /api/contests/C0011/rank -> 304 auth=eyJuIjoiYWRt ua=Mozilla/5.0 (X11; Linux x86_64) AppleWeb
2026-08-20T06:42:03.731Z GET /api/contests/C0011 -> 304 auth=eyJuIjoiYWRt ua=Mozilla/5.0 (X11; Linux x86_64) AppleWeb
2026-08-20T06:42:03.736Z GET /api/contests/C0011/rank -> 304 auth=eyJuIjoiYWRt ua=Mozilla/5.0 (X11; Linux x86_64) AppleWeb
2026-08-20T06:42:06.308Z GET /api/contests/C0011 -> 304 auth=eyJuIjoiYWRt ua=Mozilla/5.0 (X11; Linux x86_64) AppleWeb
2026-08-20T06:42:06.312Z GET /api/contests/C0011/rank -> 304 auth=eyJuIjoiYWRt ua=Mozilla/5.0 (X11; Linux x86_64) AppleWeb
2026-08-20T06:42:08.723Z GET /api/contests/C0011 -> 304 auth=eyJuIjoiYWRt ua=Mozilla/5.0 (X11; Linux x86_64) AppleWeb
2026-08-20T06:42:08.733Z GET /api/contests/C0011/rank -> 304 auth=eyJuIjoiYWRt ua=Mozilla/5.0 (X11; Linux x86_64) AppleWeb
2026-08-20T06:42:11.307Z GET /api/contests/C0011 -> 304 auth=eyJuIjoiYWRt ua=Mozilla/5.0 (X11; Linux x86_64) AppleWeb
2026-08-20T06:42:11.317Z GET /api/contests/C0011/rank -> 304 auth=eyJuIjoiYWRt ua=Mozilla/5.0 (X11; Linux x86_64) AppleWeb
2026-08-20T06:42:13.724Z GET /api/contests/C0011 -> 304 auth=eyJuIjoiYWRt ua=Mozilla/5.0 (X11; Linux x86_64) AppleWeb
2026-08-20T06:42:13.728Z GET /api/contests/C0011/rank -> 304 auth=eyJuIjoiYWRt ua=Mozilla/5.0 (X11; Linux x86_64) AppleWeb
2026-08-20T06:42:16.306Z GET /api/contests/C0011 -> 304 auth=eyJuIjoiYWRt ua=Mozilla/5.0 (X11; Linux x86_64) AppleWeb
2026-08-20T06:42:16.311Z GET /api/contests/C0011/rank -> 304 auth=eyJuIjoiYWRt ua=Mozilla/5.0 (X11; Linux x86_64) AppleWeb
2026-08-20T06:42:18.723Z GET /api/contests/C0011 -> 304 auth=eyJuIjoiYWRt ua=Mozilla/5.0 (X11; Linux x86_64) AppleWeb
2026-08-20T06:42:18.727Z GET /api/contests/C0011/rank -> 304 auth=eyJuIjoiYWRt ua=Mozilla/5.0 (X11; Linux x86_64) AppleWeb
2026-08-20T06:42:21.307Z GET /api/contests/C0011 -> 304 auth=eyJuIjoiYWRt ua=Mozilla/5.0 (X11; Linux x86_64) AppleWeb
2026-08-20T06:42:21.312Z GET /api/contests/C0011/rank -> 304 auth=eyJuIjoiYWRt ua=Mozilla/5.0 (X11; Linux x86_64) AppleWeb
2026-08-20T06:42:23.730Z GET /api/contests/C0011 -> 304 auth=eyJuIjoiYWRt ua=Mozilla/5.0 (X11; Linux x86_64) AppleWeb
2026-08-20T06:42:23.730Z GET /api/contests/C0011/rank -> 304 auth=eyJuIjoiYWRt ua=Mozilla/5.0 (X11; Linux x86_64) AppleWeb
2026-08-20T06:42:26.307Z GET /api/contests/C0011 -> 304 auth=eyJuIjoiYWRt ua=Mozilla/5.0 (X11; Linux x86_64) AppleWeb
2026-08-20T06:42:26.314Z GET /api/contests/C0011/rank -> 304 auth=eyJuIjoiYWRt ua=Mozilla/5.0 (X11; Linux x86_64) AppleWeb
2026-08-20T06:42:28.724Z GET /api/contests/C0011 -> 304 auth=eyJuIjoiYWRt ua=Mozilla/5.0 (X11; Linux x86_64) AppleWeb
2026-08-20T06:42:28.728Z GET /api/contests/C0011/rank -> 304 auth=eyJuIjoiYWRt ua=Mozilla/5.0 (X11; Linux x86_64) AppleWeb
2026-08-20T06:42:31.307Z GET /api/contests/C0011 -> 304 auth=eyJuIjoiYWRt ua=Mozilla/5.0 (X11; Linux x86_64) AppleWeb
2026-08-20T06:42:31.311Z GET /api/contests/C0011/rank -> 304 auth=eyJuIjoiYWRt ua=Mozilla/5.0 (X11; Linux x86_64) AppleWeb
2026-08-20T06:42:33.724Z GET /api/contests/C0011 -> 304 auth=eyJuIjoiYWRt ua=Mozilla/5.0 (X11; Linux x86_64) AppleWeb
2026-08-20T06:42:33.727Z GET /api/contests/C0011/rank -> 304 auth=eyJuIjoiYWRt ua=Mozilla/5.0 (X11; Linux x86_64) AppleWeb
2026-08-20T06:42:36.311Z GET /api/contests/C0011 -> 304 auth=eyJuIjoiYWRt ua=Mozilla/5.0 (X11; Linux x86_64) AppleWeb
2026-08-20T06:42:36.315Z GET /api/contests/C0011/rank -> 304 auth=eyJuIjoiYWRt ua=Mozilla/5.0 (X11; Linux x86_64) AppleWeb
2026-08-20T06:42:38.724Z GET /api/contests/C0011 -> 304 auth=eyJuIjoiYWRt ua=Mozilla/5.0 (X11; Linux x86_64) AppleWeb
2026-08-20T06:42:38.728Z GET /api/contests/C0011/rank -> 304 auth=eyJuIjoiYWRt ua=Mozilla/5.0 (X11; Linux x86_64) AppleWeb
2026-08-20T06:42:41.307Z GET /api/contests/C0011 -> 304 auth=eyJuIjoiYWRt ua=Mozilla/5.0 (X11; Linux x86_64) AppleWeb
2026-08-20T06:42:41.310Z GET /api/contests/C0011/rank -> 304 auth=eyJuIjoiYWRt ua=Mozilla/5.0 (X11; Linux x86_64) AppleWeb
2026-08-20T06:42:43.724Z GET /api/contests/C0011 -> 304 auth=eyJuIjoiYWRt ua=Mozilla/5.0 (X11; Linux x86_64) AppleWeb
2026-08-20T06:42:43.734Z GET /api/contests/C0011/rank -> 304 auth=eyJuIjoiYWRt ua=Mozilla/5.0 (X11; Linux x86_64) AppleWeb
2026-08-20T06:42:46.307Z GET /api/contests/C0011 -> 304 auth=eyJuIjoiYWRt ua=Mozilla/5.0 (X11; Linux x86_64) AppleWeb
2026-08-20T06:42:46.311Z GET /api/contests/C0011/rank -> 304 auth=eyJuIjoiYWRt ua=Mozilla/5.0 (X11; Linux x86_64) AppleWeb
2026-08-20T06:42:48.724Z GET /api/contests/C0011 -> 304 auth=eyJuIjoiYWRt ua=Mozilla/5.0 (X11; Linux x86_64) AppleWeb
2026-08-20T06:42:48.728Z GET /api/contests/C0011/rank -> 304 auth=eyJuIjoiYWRt ua=Mozilla/5.0 (X11; Linux x86_64) AppleWeb
2026-08-20T06:42:51.307Z GET /api/contests/C0011 -> 304 auth=eyJuIjoiYWRt ua=Mozilla/5.0 (X11; Linux x86_64) AppleWeb
2026-08-20T06:42:51.311Z GET /api/contests/C0011/rank -> 304 auth=eyJuIjoiYWRt ua=Mozilla/5.0 (X11; Linux x86_64) AppleWeb
2026-08-20T06:42:53.723Z GET /api/contests/C0011 -> 304 auth=eyJuIjoiYWRt ua=Mozilla/5.0 (X11; Linux x86_64) AppleWeb
2026-08-20T06:42:53.728Z GET /api/contests/C0011/rank -> 304 auth=eyJuIjoiYWRt ua=Mozilla/5.0 (X11; Linux x86_64) AppleWeb
2026-08-20T06:42:56.306Z GET /api/contests/C0011 -> 304 auth=eyJuIjoiYWRt ua=Mozilla/5.0 (X11; Linux x86_64) AppleWeb
2026-08-20T06:42:56.310Z GET /api/contests/C0011/rank -> 304 auth=eyJuIjoiYWRt ua=Mozilla/5.0 (X11; Linux x86_64) AppleWeb
2026-08-20T06:42:58.724Z GET /api/contests/C0011 -> 304 auth=eyJuIjoiYWRt ua=Mozilla/5.0 (X11; Linux x86_64) AppleWeb
2026-08-20T06:42:58.730Z GET /api/contests/C0011/rank -> 304 auth=eyJuIjoiYWRt ua=Mozilla/5.0 (X11; Linux x86_64) AppleWeb
2026-08-20T06:43:01.307Z GET /api/contests/C0011 -> 304 auth=eyJuIjoiYWRt ua=Mozilla/5.0 (X11; Linux x86_64) AppleWeb
2026-08-20T06:43:01.311Z GET /api/contests/C0011/rank -> 304 auth=eyJuIjoiYWRt ua=Mozilla/5.0 (X11; Linux x86_64) AppleWeb
2026-08-20T06:43:03.724Z GET /api/contests/C0011 -> 304 auth=eyJuIjoiYWRt ua=Mozilla/5.0 (X11; Linux x86_64) AppleWeb
2026-08-20T06:43:03.729Z GET /api/contests/C0011/rank -> 304 auth=eyJuIjoiYWRt ua=Mozilla/5.0 (X11; Linux x86_64) AppleWeb
2026-08-20T06:43:06.309Z GET /api/contests/C0011 -> 304 auth=eyJuIjoiYWRt ua=Mozilla/5.0 (X11; Linux x86_64) AppleWeb
2026-08-20T06:43:06.313Z GET /api/contests/C0011/rank -> 304 auth=eyJuIjoiYWRt ua=Mozilla/5.0 (X11; Linux x86_64) AppleWeb
2026-08-20T06:43:08.723Z GET /api/contests/C0011 -> 304 auth=eyJuIjoiYWRt ua=Mozilla/5.0 (X11; Linux x86_64) AppleWeb
2026-08-20T06:43:08.728Z GET /api/contests/C0011/rank -> 304 auth=eyJuIjoiYWRt ua=Mozilla/5.0 (X11; Linux x86_64) AppleWeb
2026-08-20T06:43:11.307Z GET /api/contests/C0011 -> 304 auth=eyJuIjoiYWRt ua=Mozilla/5.0 (X11; Linux x86_64) AppleWeb
2026-08-20T06:43:11.311Z GET /api/contests/C0011/rank -> 304 auth=eyJuIjoiYWRt ua=Mozilla/5.0 (X11; Linux x86_64) AppleWeb
2026-08-20T06:43:13.724Z GET /api/contests/C0011 -> 304 auth=eyJuIjoiYWRt ua=Mozilla/5.0 (X11; Linux x86_64) AppleWeb
2026-08-20T06:43:13.729Z GET /api/contests/C0011/rank -> 304 auth=eyJuIjoiYWRt ua=Mozilla/5.0 (X11; Linux x86_64) AppleWeb
2026-08-20T06:43:16.307Z GET /api/contests/C0011 -> 304 auth=eyJuIjoiYWRt ua=Mozilla/5.0 (X11; Linux x86_64) AppleWeb
2026-08-20T06:43:16.311Z GET /api/contests/C0011/rank -> 304 auth=eyJuIjoiYWRt ua=Mozilla/5.0 (X11; Linux x86_64) AppleWeb
2026-08-20T06:43:18.724Z GET /api/contests/C0011 -> 304 auth=eyJuIjoiYWRt ua=Mozilla/5.0 (X11; Linux x86_64) AppleWeb
2026-08-20T06:43:18.728Z GET /api/contests/C0011/rank -> 304 auth=eyJuIjoiYWRt ua=Mozilla/5.0 (X11; Linux x86_64) AppleWeb
2026-08-20T06:43:21.307Z GET /api/contests/C0011 -> 304 auth=eyJuIjoiYWRt ua=Mozilla/5.0 (X11; Linux x86_64) AppleWeb
2026-08-20T06:43:21.311Z GET /api/contests/C0011/rank -> 304 auth=eyJuIjoiYWRt ua=Mozilla/5.0 (X11; Linux x86_64) AppleWeb
2026-08-20T06:43:23.724Z GET /api/contests/C0011 -> 304 auth=eyJuIjoiYWRt ua=Mozilla/5.0 (X11; Linux x86_64) AppleWeb
2026-08-20T06:43:23.728Z GET /api/contests/C0011/rank -> 304 auth=eyJuIjoiYWRt ua=Mozilla/5.0 (X11; Linux x86_64) AppleWeb
2026-08-20T06:43:26.307Z GET /api/contests/C0011 -> 304 auth=eyJuIjoiYWRt ua=Mozilla/5.0 (X11; Linux x86_64) AppleWeb
2026-08-20T06:43:26.311Z GET /api/contests/C0011/rank -> 304 auth=eyJuIjoiYWRt ua=Mozilla/5.0 (X11; Linux x86_64) AppleWeb
2026-08-20T06:43:28.723Z GET /api/contests/C0011 -> 304 auth=eyJuIjoiYWRt ua=Mozilla/5.0 (X11; Linux x86_64) AppleWeb
2026-08-20T06:43:28.727Z GET /api/contests/C0011/rank -> 304 auth=eyJuIjoiYWRt ua=Mozilla/5.0 (X11; Linux x86_64) AppleWeb
2026-08-20T06:43:31.306Z GET /api/contests/C0011 -> 304 auth=eyJuIjoiYWRt ua=Mozilla/5.0 (X11; Linux x86_64) AppleWeb
2026-08-20T06:43:31.310Z GET /api/contests/C0011/rank -> 304 auth=eyJuIjoiYWRt ua=Mozilla/5.0 (X11; Linux x86_64) AppleWeb
2026-08-20T06:43:33.723Z GET /api/contests/C0011 -> 304 auth=eyJuIjoiYWRt ua=Mozilla/5.0 (X11; Linux x86_64) AppleWeb
2026-08-20T06:43:33.727Z GET /api/contests/C0011/rank -> 304 auth=eyJuIjoiYWRt ua=Mozilla/5.0 (X11; Linux x86_64) AppleWeb
2026-08-20T06:43:36.307Z GET /api/contests/C0011 -> 304 auth=eyJuIjoiYWRt ua=Mozilla/5.0 (X11; Linux x86_64) AppleWeb
2026-08-20T06:43:36.310Z GET /api/contests/C0011/rank -> 304 auth=eyJuIjoiYWRt ua=Mozilla/5.0 (X11; Linux x86_64) AppleWeb
2026-08-20T06:43:38.723Z GET /api/contests/C0011 -> 304 auth=eyJuIjoiYWRt ua=Mozilla/5.0 (X11; Linux x86_64) AppleWeb
2026-08-20T06:43:38.727Z GET /api/contests/C0011/rank -> 304 auth=eyJuIjoiYWRt ua=Mozilla/5.0 (X11; Linux x86_64) AppleWeb
2026-08-20T06:43:41.306Z GET /api/contests/C0011 -> 304 auth=eyJuIjoiYWRt ua=Mozilla/5.0 (X11; Linux x86_64) AppleWeb
2026-08-20T06:43:41.310Z GET /api/contests/C0011/rank -> 304 auth=eyJuIjoiYWRt ua=Mozilla/5.0 (X11; Linux x86_64) AppleWeb
2026-08-20T06:43:43.724Z GET /api/contests/C0011 -> 304 auth=eyJuIjoiYWRt ua=Mozilla/5.0 (X11; Linux x86_64) AppleWeb
2026-08-20T06:43:43.729Z GET /api/contests/C0011/rank -> 304 auth=eyJuIjoiYWRt ua=Mozilla/5.0 (X11; Linux x86_64) AppleWeb
2026-08-20T06:43:46.306Z GET /api/contests/C0011 -> 304 auth=eyJuIjoiYWRt ua=Mozilla/5.0 (X11; Linux x86_64) AppleWeb
2026-08-20T06:43:46.310Z GET /api/contests/C0011/rank -> 304 auth=eyJuIjoiYWRt ua=Mozilla/5.0 (X11; Linux x86_64) AppleWeb
2026-08-20T06:43:48.723Z GET /api/contests/C0011 -> 304 auth=eyJuIjoiYWRt ua=Mozilla/5.0 (X11; Linux x86_64) AppleWeb
2026-08-20T06:43:48.727Z GET /api/contests/C0011/rank -> 304 auth=eyJuIjoiYWRt ua=Mozilla/5.0 (X11; Linux x86_64) AppleWeb
2026-08-20T06:43:51.307Z GET /api/contests/C0011 -> 304 auth=eyJuIjoiYWRt ua=Mozilla/5.0 (X11; Linux x86_64) AppleWeb
2026-08-20T06:43:51.311Z GET /api/contests/C0011/rank -> 304 auth=eyJuIjoiYWRt ua=Mozilla/5.0 (X11; Linux x86_64) AppleWeb
2026-08-20T06:43:53.723Z GET /api/contests/C0011 -> 304 auth=eyJuIjoiYWRt ua=Mozilla/5.0 (X11; Linux x86_64) AppleWeb
2026-08-20T06:43:53.727Z GET /api/contests/C0011/rank -> 304 auth=eyJuIjoiYWRt ua=Mozilla/5.0 (X11; Linux x86_64) AppleWeb
2026-08-20T06:43:56.307Z GET /api/contests/C0011 -> 304 auth=eyJuIjoiYWRt ua=Mozilla/5.0 (X11; Linux x86_64) AppleWeb
2026-08-20T06:43:56.310Z GET /api/contests/C0011/rank -> 304 auth=eyJuIjoiYWRt ua=Mozilla/5.0 (X11; Linux x86_64) AppleWeb
2026-08-20T06:43:58.723Z GET /api/contests/C0011 -> 304 auth=eyJuIjoiYWRt ua=Mozilla/5.0 (X11; Linux x86_64) AppleWeb
2026-08-20T06:43:58.731Z GET /api/contests/C0011/rank -> 304 auth=eyJuIjoiYWRt ua=Mozilla/5.0 (X11; Linux x86_64) AppleWeb
2026-08-20T06:44:01.307Z GET /api/contests/C0011 -> 304 auth=eyJuIjoiYWRt ua=Mozilla/5.0 (X11; Linux x86_64) AppleWeb
2026-08-20T06:44:01.310Z GET /api/contests/C0011/rank -> 304 auth=eyJuIjoiYWRt ua=Mozilla/5.0 (X11; Linux x86_64) AppleWeb
2026-08-20T06:44:03.724Z GET /api/contests/C0011 -> 304 auth=eyJuIjoiYWRt ua=Mozilla/5.0 (X11; Linux x86_64) AppleWeb
2026-08-20T06:44:03.728Z GET /api/contests/C0011/rank -> 304 auth=eyJuIjoiYWRt ua=Mozilla/5.0 (X11; Linux x86_64) AppleWeb
2026-08-20T06:44:06.307Z GET /api/contests/C0011 -> 304 auth=eyJuIjoiYWRt ua=Mozilla/5.0 (X11; Linux x86_64) AppleWeb
2026-08-20T06:44:06.314Z GET /api/contests/C0011/rank -> 304 auth=eyJuIjoiYWRt ua=Mozilla/5.0 (X11; Linux x86_64) AppleWeb
2026-08-20T06:44:08.724Z GET /api/contests/C0011 -> 304 auth=eyJuIjoiYWRt ua=Mozilla/5.0 (X11; Linux x86_64) AppleWeb
2026-08-20T06:44:08.728Z GET /api/contests/C0011/rank -> 304 auth=eyJuIjoiYWRt ua=Mozilla/5.0 (X11; Linux x86_64) AppleWeb
2026-08-20T06:44:11.307Z GET /api/contests/C0011 -> 304 auth=eyJuIjoiYWRt ua=Mozilla/5.0 (X11; Linux x86_64) AppleWeb
2026-08-20T06:44:11.310Z GET /api/contests/C0011/rank -> 304 auth=eyJuIjoiYWRt ua=Mozilla/5.0 (X11; Linux x86_64) AppleWeb
2026-08-20T06:44:13.724Z GET /api/contests/C0011 -> 304 auth=eyJuIjoiYWRt ua=Mozilla/5.0 (X11; Linux x86_64) AppleWeb
2026-08-20T06:44:13.728Z GET /api/contests/C0011/rank -> 304 auth=eyJuIjoiYWRt ua=Mozilla/5.0 (X11; Linux x86_64) AppleWeb
2026-08-20T06:44:16.307Z GET /api/contests/C0011 -> 304 auth=eyJuIjoiYWRt ua=Mozilla/5.0 (X11; Linux x86_64) AppleWeb
2026-08-20T06:44:16.312Z GET /api/contests/C0011/rank -> 304 auth=eyJuIjoiYWRt ua=Mozilla/5.0 (X11; Linux x86_64) AppleWeb
2026-08-20T06:44:18.724Z GET /api/contests/C0011 -> 304 auth=eyJuIjoiYWRt ua=Mozilla/5.0 (X11; Linux x86_64) AppleWeb
2026-08-20T06:44:18.729Z GET /api/contests/C0011/rank -> 304 auth=eyJuIjoiYWRt ua=Mozilla/5.0 (X11; Linux x86_64) AppleWeb
2026-08-20T06:44:21.307Z GET /api/contests/C0011 -> 304 auth=eyJuIjoiYWRt ua=Mozilla/5.0 (X11; Linux x86_64) AppleWeb
2026-08-20T06:44:21.311Z GET /api/contests/C0011/rank -> 304 auth=eyJuIjoiYWRt ua=Mozilla/5.0 (X11; Linux x86_64) AppleWeb
2026-08-20T06:44:23.724Z GET /api/contests/C0011 -> 304 auth=eyJuIjoiYWRt ua=Mozilla/5.0 (X11; Linux x86_64) AppleWeb
2026-08-20T06:44:23.728Z GET /api/contests/C0011/rank -> 304 auth=eyJuIjoiYWRt ua=Mozilla/5.0 (X11; Linux x86_64) AppleWeb
2026-08-20T06:44:26.307Z GET /api/contests/C0011 -> 304 auth=eyJuIjoiYWRt ua=Mozilla/5.0 (X11; Linux x86_64) AppleWeb
2026-08-20T06:44:26.311Z GET /api/contests/C0011/rank -> 304 auth=eyJuIjoiYWRt ua=Mozilla/5.0 (X11; Linux x86_64) AppleWeb
2026-08-20T06:44:28.724Z GET /api/contests/C0011 -> 304 auth=eyJuIjoiYWRt ua=Mozilla/5.0 (X11; Linux x86_64) AppleWeb
2026-08-20T06:44:28.729Z GET /api/contests/C0011/rank -> 304 auth=eyJuIjoiYWRt ua=Mozilla/5.0 (X11; Linux x86_64) AppleWeb
2026-08-20T06:44:31.307Z GET /api/contests/C0011 -> 304 auth=eyJuIjoiYWRt ua=Mozilla/5.0 (X11; Linux x86_64) AppleWeb
2026-08-20T06:44:31.317Z GET /api/contests/C0011/rank -> 304 auth=eyJuIjoiYWRt ua=Mozilla/5.0 (X11; Linux x86_64) AppleWeb
2026-08-20T06:44:33.723Z GET /api/contests/C0011 -> 304 auth=eyJuIjoiYWRt ua=Mozilla/5.0 (X11; Linux x86_64) AppleWeb
2026-08-20T06:44:33.727Z GET /api/contests/C0011/rank -> 304 auth=eyJuIjoiYWRt ua=Mozilla/5.0 (X11; Linux x86_64) AppleWeb
2026-08-20T06:44:36.306Z GET /api/contests/C0011 -> 304 auth=eyJuIjoiYWRt ua=Mozilla/5.0 (X11; Linux x86_64) AppleWeb
2026-08-20T06:44:36.311Z GET /api/contests/C0011/rank -> 304 auth=eyJuIjoiYWRt ua=Mozilla/5.0 (X11; Linux x86_64) AppleWeb
2026-08-20T06:44:38.724Z GET /api/contests/C0011 -> 304 auth=eyJuIjoiYWRt ua=Mozilla/5.0 (X11; Linux x86_64) AppleWeb
2026-08-20T06:44:38.727Z GET /api/contests/C0011/rank -> 304 auth=eyJuIjoiYWRt ua=Mozilla/5.0 (X11; Linux x86_64) AppleWeb
2026-08-20T06:44:41.307Z GET /api/contests/C0011 -> 304 auth=eyJuIjoiYWRt ua=Mozilla/5.0 (X11; Linux x86_64) AppleWeb
2026-08-20T06:44:41.311Z GET /api/contests/C0011/rank -> 304 auth=eyJuIjoiYWRt ua=Mozilla/5.0 (X11; Linux x86_64) AppleWeb
2026-08-20T06:44:43.723Z GET /api/contests/C0011 -> 304 auth=eyJuIjoiYWRt ua=Mozilla/5.0 (X11; Linux x86_64) AppleWeb
2026-08-20T06:44:43.727Z GET /api/contests/C0011/rank -> 304 auth=eyJuIjoiYWRt ua=Mozilla/5.0 (X11; Linux x86_64) AppleWeb
2026-08-20T06:44:46.307Z GET /api/contests/C0011 -> 304 auth=eyJuIjoiYWRt ua=Mozilla/5.0 (X11; Linux x86_64) AppleWeb
2026-08-20T06:44:46.317Z GET /api/contests/C0011/rank -> 304 auth=eyJuIjoiYWRt ua=Mozilla/5.0 (X11; Linux x86_64) AppleWeb
2026-08-20T06:44:48.723Z GET /api/contests/C0011 -> 304 auth=eyJuIjoiYWRt ua=Mozilla/5.0 (X11; Linux x86_64) AppleWeb
2026-08-20T06:44:48.727Z GET /api/contests/C0011/rank -> 304 auth=eyJuIjoiYWRt ua=Mozilla/5.0 (X11; Linux x86_64) AppleWeb
2026-08-20T06:44:51.307Z GET /api/contests/C0011 -> 304 auth=eyJuIjoiYWRt ua=Mozilla/5.0 (X11; Linux x86_64) AppleWeb
2026-08-20T06:44:51.311Z GET /api/contests/C0011/rank -> 304 auth=eyJuIjoiYWRt ua=Mozilla/5.0 (X11; Linux x86_64) AppleWeb
2026-08-20T06:44:53.724Z GET /api/contests/C0011 -> 304 auth=eyJuIjoiYWRt ua=Mozilla/5.0 (X11; Linux x86_64) AppleWeb
2026-08-20T06:44:53.728Z GET /api/contests/C0011/rank -> 304 auth=eyJuIjoiYWRt ua=Mozilla/5.0 (X11; Linux x86_64) AppleWeb
2026-08-20T06:44:56.306Z GET /api/contests/C0011 -> 304 auth=eyJuIjoiYWRt ua=Mozilla/5.0 (X11; Linux x86_64) AppleWeb
2026-08-20T06:44:56.310Z GET /api/contests/C0011/rank -> 304 auth=eyJuIjoiYWRt ua=Mozilla/5.0 (X11; Linux x86_64) AppleWeb
2026-08-20T06:44:58.723Z GET /api/contests/C0011 -> 304 auth=eyJuIjoiYWRt ua=Mozilla/5.0 (X11; Linux x86_64) AppleWeb
2026-08-20T06:44:58.727Z GET /api/contests/C0011/rank -> 304 auth=eyJuIjoiYWRt ua=Mozilla/5.0 (X11; Linux x86_64) AppleWeb
2026-08-20T06:45:01.307Z GET /api/contests/C0011 -> 304 auth=eyJuIjoiYWRt ua=Mozilla/5.0 (X11; Linux x86_64) AppleWeb
2026-08-20T06:45:01.311Z GET /api/contests/C0011/rank -> 304 auth=eyJuIjoiYWRt ua=Mozilla/5.0 (X11; Linux x86_64) AppleWeb
2026-08-20T06:45:03.724Z GET /api/contests/C0011 -> 304 auth=eyJuIjoiYWRt ua=Mozilla/5.0 (X11; Linux x86_64) AppleWeb
2026-08-20T06:45:03.734Z GET /api/contests/C0011/rank -> 304 auth=eyJuIjoiYWRt ua=Mozilla/5.0 (X11; Linux x86_64) AppleWeb
2026-08-20T06:45:06.307Z GET /api/contests/C0011 -> 304 auth=eyJuIjoiYWRt ua=Mozilla/5.0 (X11; Linux x86_64) AppleWeb
2026-08-20T06:45:06.311Z GET /api/contests/C0011/rank -> 304 auth=eyJuIjoiYWRt ua=Mozilla/5.0 (X11; Linux x86_64) AppleWeb
2026-08-20T06:45:08.723Z GET /api/contests/C0011 -> 304 auth=eyJuIjoiYWRt ua=Mozilla/5.0 (X11; Linux x86_64) AppleWeb
2026-08-20T06:45:08.727Z GET /api/contests/C0011/rank -> 304 auth=eyJuIjoiYWRt ua=Mozilla/5.0 (X11; Linux x86_64) AppleWeb
2026-08-20T06:45:11.307Z GET /api/contests/C0011 -> 304 auth=eyJuIjoiYWRt ua=Mozilla/5.0 (X11; Linux x86_64) AppleWeb
2026-08-20T06:45:11.312Z GET /api/contests/C0011/rank -> 304 auth=eyJuIjoiYWRt ua=Mozilla/5.0 (X11; Linux x86_64) AppleWeb
2026-08-20T06:45:13.724Z GET /api/contests/C0011 -> 304 auth=eyJuIjoiYWRt ua=Mozilla/5.0 (X11; Linux x86_64) AppleWeb
2026-08-20T06:45:13.728Z GET /api/contests/C0011/rank -> 304 auth=eyJuIjoiYWRt ua=Mozilla/5.0 (X11; Linux x86_64) AppleWeb
2026-08-20T06:45:16.307Z GET /api/contests/C0011 -> 304 auth=eyJuIjoiYWRt ua=Mozilla/5.0 (X11; Linux x86_64) AppleWeb
2026-08-20T06:45:16.311Z GET /api/contests/C0011/rank -> 304 auth=eyJuIjoiYWRt ua=Mozilla/5.0 (X11; Linux x86_64) AppleWeb
2026-08-20T06:45:18.724Z GET /api/contests/C0011 -> 304 auth=eyJuIjoiYWRt ua=Mozilla/5.0 (X11; Linux x86_64) AppleWeb
2026-08-20T06:45:18.728Z GET /api/contests/C0011/rank -> 304 auth=eyJuIjoiYWRt ua=Mozilla/5.0 (X11; Linux x86_64) AppleWeb
2026-08-20T06:45:21.307Z GET /api/contests/C0011 -> 304 auth=eyJuIjoiYWRt ua=Mozilla/5.0 (X11; Linux x86_64) AppleWeb
2026-08-20T06:45:21.311Z GET /api/contests/C0011/rank -> 304 auth=eyJuIjoiYWRt ua=Mozilla/5.0 (X11; Linux x86_64) AppleWeb
2026-08-20T06:45:23.723Z GET /api/contests/C0011 -> 304 auth=eyJuIjoiYWRt ua=Mozilla/5.0 (X11; Linux x86_64) AppleWeb
2026-08-20T06:45:23.728Z GET /api/contests/C0011/rank -> 304 auth=eyJuIjoiYWRt ua=Mozilla/5.0 (X11; Linux x86_64) AppleWeb
2026-08-20T06:45:26.306Z GET /api/contests/C0011 -> 304 auth=eyJuIjoiYWRt ua=Mozilla/5.0 (X11; Linux x86_64) AppleWeb
2026-08-20T06:45:26.310Z GET /api/contests/C0011/rank -> 304 auth=eyJuIjoiYWRt ua=Mozilla/5.0 (X11; Linux x86_64) AppleWeb
2026-08-20T06:45:28.724Z GET /api/contests/C0011 -> 304 auth=eyJuIjoiYWRt ua=Mozilla/5.0 (X11; Linux x86_64) AppleWeb
2026-08-20T06:45:28.728Z GET /api/contests/C0011/rank -> 304 auth=eyJuIjoiYWRt ua=Mozilla/5.0 (X11; Linux x86_64) AppleWeb
2026-08-20T06:45:31.307Z GET /api/contests/C0011 -> 304 auth=eyJuIjoiYWRt ua=Mozilla/5.0 (X11; Linux x86_64) AppleWeb
2026-08-20T06:45:31.311Z GET /api/contests/C0011/rank -> 304 auth=eyJuIjoiYWRt ua=Mozilla/5.0 (X11; Linux x86_64) AppleWeb
2026-08-20T06:45:33.723Z GET /api/contests/C0011 -> 304 auth=eyJuIjoiYWRt ua=Mozilla/5.0 (X11; Linux x86_64) AppleWeb
2026-08-20T06:45:33.732Z GET /api/contests/C0011/rank -> 304 auth=eyJuIjoiYWRt ua=Mozilla/5.0 (X11; Linux x86_64) AppleWeb
2026-08-20T06:45:36.307Z GET /api/contests/C0011 -> 304 auth=eyJuIjoiYWRt ua=Mozilla/5.0 (X11; Linux x86_64) AppleWeb
2026-08-20T06:45:36.311Z GET /api/contests/C0011/rank -> 304 auth=eyJuIjoiYWRt ua=Mozilla/5.0 (X11; Linux x86_64) AppleWeb
2026-08-20T06:45:38.723Z GET /api/contests/C0011 -> 304 auth=eyJuIjoiYWRt ua=Mozilla/5.0 (X11; Linux x86_64) AppleWeb
2026-08-20T06:45:38.727Z GET /api/contests/C0011/rank -> 304 auth=eyJuIjoiYWRt ua=Mozilla/5.0 (X11; Linux x86_64) AppleWeb
2026-08-20T06:45:41.307Z GET /api/contests/C0011 -> 304 auth=eyJuIjoiYWRt ua=Mozilla/5.0 (X11; Linux x86_64) AppleWeb
2026-08-20T06:45:41.311Z GET /api/contests/C0011/rank -> 304 auth=eyJuIjoiYWRt ua=Mozilla/5.0 (X11; Linux x86_64) AppleWeb
2026-08-20T06:45:43.723Z GET /api/contests/C0011 -> 304 auth=eyJuIjoiYWRt ua=Mozilla/5.0 (X11; Linux x86_64) AppleWeb
2026-08-20T06:45:43.727Z GET /api/contests/C0011/rank -> 304 auth=eyJuIjoiYWRt ua=Mozilla/5.0 (X11; Linux x86_64) AppleWeb
2026-08-20T06:45:46.311Z GET /api/contests/C0011 -> 304 auth=eyJuIjoiYWRt ua=Mozilla/5.0 (X11; Linux x86_64) AppleWeb
2026-08-20T06:45:46.317Z GET /api/contests/C0011/rank -> 304 auth=eyJuIjoiYWRt ua=Mozilla/5.0 (X11; Linux x86_64) AppleWeb
2026-08-20T06:45:48.727Z GET /api/contests/C0011 -> 304 auth=eyJuIjoiYWRt ua=Mozilla/5.0 (X11; Linux x86_64) AppleWeb
2026-08-20T06:45:48.730Z GET /api/contests/C0011/rank -> 304 auth=eyJuIjoiYWRt ua=Mozilla/5.0 (X11; Linux x86_64) AppleWeb
2026-08-20T06:45:51.307Z GET /api/contests/C0011 -> 304 auth=eyJuIjoiYWRt ua=Mozilla/5.0 (X11; Linux x86_64) AppleWeb
2026-08-20T06:45:51.311Z GET /api/contests/C0011/rank -> 304 auth=eyJuIjoiYWRt ua=Mozilla/5.0 (X11; Linux x86_64) AppleWeb
2026-08-20T06:45:53.724Z GET /api/contests/C0011 -> 304 auth=eyJuIjoiYWRt ua=Mozilla/5.0 (X11; Linux x86_64) AppleWeb
2026-08-20T06:45:53.729Z GET /api/contests/C0011/rank -> 304 auth=eyJuIjoiYWRt ua=Mozilla/5.0 (X11; Linux x86_64) AppleWeb
2026-08-20T06:45:56.307Z GET /api/contests/C0011 -> 304 auth=eyJuIjoiYWRt ua=Mozilla/5.0 (X11; Linux x86_64) AppleWeb
2026-08-20T06:45:56.311Z GET /api/contests/C0011/rank -> 304 auth=eyJuIjoiYWRt ua=Mozilla/5.0 (X11; Linux x86_64) AppleWeb
2026-08-20T06:45:58.724Z GET /api/contests/C0011 -> 304 auth=eyJuIjoiYWRt ua=Mozilla/5.0 (X11; Linux x86_64) AppleWeb
2026-08-20T06:45:58.733Z GET /api/contests/C0011/rank -> 304 auth=eyJuIjoiYWRt ua=Mozilla/5.0 (X11; Linux x86_64) AppleWeb
2026-08-20T06:46:01.307Z GET /api/contests/C0011 -> 304 auth=eyJuIjoiYWRt ua=Mozilla/5.0 (X11; Linux x86_64) AppleWeb
2026-08-20T06:46:01.311Z GET /api/contests/C0011/rank -> 304 auth=eyJuIjoiYWRt ua=Mozilla/5.0 (X11; Linux x86_64) AppleWeb
2026-08-20T06:46:03.723Z GET /api/contests/C0011 -> 304 auth=eyJuIjoiYWRt ua=Mozilla/5.0 (X11; Linux x86_64) AppleWeb
2026-08-20T06:46:03.727Z GET /api/contests/C0011/rank -> 304 auth=eyJuIjoiYWRt ua=Mozilla/5.0 (X11; Linux x86_64) AppleWeb
2026-08-20T06:46:06.307Z GET /api/contests/C0011 -> 304 auth=eyJuIjoiYWRt ua=Mozilla/5.0 (X11; Linux x86_64) AppleWeb
2026-08-20T06:46:06.311Z GET /api/contests/C0011/rank -> 304 auth=eyJuIjoiYWRt ua=Mozilla/5.0 (X11; Linux x86_64) AppleWeb
2026-08-20T06:46:08.724Z GET /api/contests/C0011 -> 304 auth=eyJuIjoiYWRt ua=Mozilla/5.0 (X11; Linux x86_64) AppleWeb
2026-08-20T06:46:08.727Z GET /api/contests/C0011/rank -> 304 auth=eyJuIjoiYWRt ua=Mozilla/5.0 (X11; Linux x86_64) AppleWeb
2026-08-20T06:46:11.307Z GET /api/contests/C0011 -> 304 auth=eyJuIjoiYWRt ua=Mozilla/5.0 (X11; Linux x86_64) AppleWeb
2026-08-20T06:46:11.311Z GET /api/contests/C0011/rank -> 304 auth=eyJuIjoiYWRt ua=Mozilla/5.0 (X11; Linux x86_64) AppleWeb
2026-08-20T06:46:13.724Z GET /api/contests/C0011 -> 304 auth=eyJuIjoiYWRt ua=Mozilla/5.0 (X11; Linux x86_64) AppleWeb
2026-08-20T06:46:13.727Z GET /api/contests/C0011/rank -> 304 auth=eyJuIjoiYWRt ua=Mozilla/5.0 (X11; Linux x86_64) AppleWeb
2026-08-20T06:46:16.307Z GET /api/contests/C0011 -> 304 auth=eyJuIjoiYWRt ua=Mozilla/5.0 (X11; Linux x86_64) AppleWeb
2026-08-20T06:46:16.310Z GET /api/contests/C0011/rank -> 304 auth=eyJuIjoiYWRt ua=Mozilla/5.0 (X11; Linux x86_64) AppleWeb
2026-08-20T06:46:18.723Z GET /api/contests/C0011 -> 304 auth=eyJuIjoiYWRt ua=Mozilla/5.0 (X11; Linux x86_64) AppleWeb
2026-08-20T06:46:18.727Z GET /api/contests/C0011/rank -> 304 auth=eyJuIjoiYWRt ua=Mozilla/5.0 (X11; Linux x86_64) AppleWeb
2026-08-20T06:46:21.306Z GET /api/contests/C0011 -> 304 auth=eyJuIjoiYWRt ua=Mozilla/5.0 (X11; Linux x86_64) AppleWeb
2026-08-20T06:46:21.310Z GET /api/contests/C0011/rank -> 304 auth=eyJuIjoiYWRt ua=Mozilla/5.0 (X11; Linux x86_64) AppleWeb
2026-08-20T06:46:23.723Z GET /api/contests/C0011 -> 304 auth=eyJuIjoiYWRt ua=Mozilla/5.0 (X11; Linux x86_64) AppleWeb
2026-08-20T06:46:23.727Z GET /api/contests/C0011/rank -> 304 auth=eyJuIjoiYWRt ua=Mozilla/5.0 (X11; Linux x86_64) AppleWeb
2026-08-20T06:46:26.306Z GET /api/contests/C0011 -> 304 auth=eyJuIjoiYWRt ua=Mozilla/5.0 (X11; Linux x86_64) AppleWeb
2026-08-20T06:46:26.310Z GET /api/contests/C0011/rank -> 304 auth=eyJuIjoiYWRt ua=Mozilla/5.0 (X11; Linux x86_64) AppleWeb
2026-08-20T06:46:28.723Z GET /api/contests/C0011 -> 304 auth=eyJuIjoiYWRt ua=Mozilla/5.0 (X11; Linux x86_64) AppleWeb
2026-08-20T06:46:28.727Z GET /api/contests/C0011/rank -> 304 auth=eyJuIjoiYWRt ua=Mozilla/5.0 (X11; Linux x86_64) AppleWeb
2026-08-20T06:46:31.306Z GET /api/contests/C0011 -> 304 auth=eyJuIjoiYWRt ua=Mozilla/5.0 (X11; Linux x86_64) AppleWeb
2026-08-20T06:46:31.311Z GET /api/contests/C0011/rank -> 304 auth=eyJuIjoiYWRt ua=Mozilla/5.0 (X11; Linux x86_64) AppleWeb
2026-08-20T06:46:33.723Z GET /api/contests/C0011 -> 304 auth=eyJuIjoiYWRt ua=Mozilla/5.0 (X11; Linux x86_64) AppleWeb
2026-08-20T06:46:33.727Z GET /api/contests/C0011/rank -> 304 auth=eyJuIjoiYWRt ua=Mozilla/5.0 (X11; Linux x86_64) AppleWeb
2026-08-20T06:46:36.306Z GET /api/contests/C0011 -> 304 auth=eyJuIjoiYWRt ua=Mozilla/5.0 (X11; Linux x86_64) AppleWeb
2026-08-20T06:46:36.310Z GET /api/contests/C0011/rank -> 304 auth=eyJuIjoiYWRt ua=Mozilla/5.0 (X11; Linux x86_64) AppleWeb
2026-08-20T06:46:38.723Z GET /api/contests/C0011 -> 304 auth=eyJuIjoiYWRt ua=Mozilla/5.0 (X11; Linux x86_64) AppleWeb
2026-08-20T06:46:38.727Z GET /api/contests/C0011/rank -> 304 auth=eyJuIjoiYWRt ua=Mozilla/5.0 (X11; Linux x86_64) AppleWeb
2026-08-20T06:46:41.307Z GET /api/contests/C0011 -> 304 auth=eyJuIjoiYWRt ua=Mozilla/5.0 (X11; Linux x86_64) AppleWeb
2026-08-20T06:46:41.310Z GET /api/contests/C0011/rank -> 304 auth=eyJuIjoiYWRt ua=Mozilla/5.0 (X11; Linux x86_64) AppleWeb
2026-08-20T06:46:43.723Z GET /api/contests/C0011 -> 304 auth=eyJuIjoiYWRt ua=Mozilla/5.0 (X11; Linux x86_64) AppleWeb
2026-08-20T06:46:43.729Z GET /api/contests/C0011/rank -> 304 auth=eyJuIjoiYWRt ua=Mozilla/5.0 (X11; Linux x86_64) AppleWeb
2026-08-20T06:46:46.306Z GET /api/contests/C0011 -> 304 auth=eyJuIjoiYWRt ua=Mozilla/5.0 (X11; Linux x86_64) AppleWeb
2026-08-20T06:46:46.310Z GET /api/contests/C0011/rank -> 304 auth=eyJuIjoiYWRt ua=Mozilla/5.0 (X11; Linux x86_64) AppleWeb
2026-08-20T06:46:48.723Z GET /api/contests/C0011 -> 304 auth=eyJuIjoiYWRt ua=Mozilla/5.0 (X11; Linux x86_64) AppleWeb
2026-08-20T06:46:48.730Z GET /api/contests/C0011/rank -> 304 auth=eyJuIjoiYWRt ua=Mozilla/5.0 (X11; Linux x86_64) AppleWeb
2026-08-20T06:46:51.306Z GET /api/contests/C0011 -> 304 auth=eyJuIjoiYWRt ua=Mozilla/5.0 (X11; Linux x86_64) AppleWeb
2026-08-20T06:46:51.310Z GET /api/contests/C0011/rank -> 304 auth=eyJuIjoiYWRt ua=Mozilla/5.0 (X11; Linux x86_64) AppleWeb
2026-08-20T06:46:53.723Z GET /api/contests/C0011 -> 304 auth=eyJuIjoiYWRt ua=Mozilla/5.0 (X11; Linux x86_64) AppleWeb
2026-08-20T06:46:53.729Z GET /api/contests/C0011/rank -> 304 auth=eyJuIjoiYWRt ua=Mozilla/5.0 (X11; Linux x86_64) AppleWeb
2026-08-20T06:46:56.307Z GET /api/contests/C0011 -> 304 auth=eyJuIjoiYWRt ua=Mozilla/5.0 (X11; Linux x86_64) AppleWeb
2026-08-20T06:46:56.311Z GET /api/contests/C0011/rank -> 304 auth=eyJuIjoiYWRt ua=Mozilla/5.0 (X11; Linux x86_64) AppleWeb
2026-08-20T06:46:58.724Z GET /api/contests/C0011 -> 304 auth=eyJuIjoiYWRt ua=Mozilla/5.0 (X11; Linux x86_64) AppleWeb
2026-08-20T06:46:58.731Z GET /api/contests/C0011/rank -> 304 auth=eyJuIjoiYWRt ua=Mozilla/5.0 (X11; Linux x86_64) AppleWeb
2026-08-20T06:47:01.306Z GET /api/contests/C0011 -> 304 auth=eyJuIjoiYWRt ua=Mozilla/5.0 (X11; Linux x86_64) AppleWeb
2026-08-20T06:47:01.310Z GET /api/contests/C0011/rank -> 304 auth=eyJuIjoiYWRt ua=Mozilla/5.0 (X11; Linux x86_64) AppleWeb
2026-08-20T06:47:03.723Z GET /api/contests/C0011 -> 304 auth=eyJuIjoiYWRt ua=Mozilla/5.0 (X11; Linux x86_64) AppleWeb
2026-08-20T06:47:03.727Z GET /api/contests/C0011/rank -> 304 auth=eyJuIjoiYWRt ua=Mozilla/5.0 (X11; Linux x86_64) AppleWeb
2026-08-20T06:47:06.307Z GET /api/contests/C0011 -> 304 auth=eyJuIjoiYWRt ua=Mozilla/5.0 (X11; Linux x86_64) AppleWeb
2026-08-20T06:47:06.310Z GET /api/contests/C0011/rank -> 304 auth=eyJuIjoiYWRt ua=Mozilla/5.0 (X11; Linux x86_64) AppleWeb
2026-08-20T06:47:08.724Z GET /api/contests/C0011 -> 304 auth=eyJuIjoiYWRt ua=Mozilla/5.0 (X11; Linux x86_64) AppleWeb
2026-08-20T06:47:08.728Z GET /api/contests/C0011/rank -> 304 auth=eyJuIjoiYWRt ua=Mozilla/5.0 (X11; Linux x86_64) AppleWeb
2026-08-20T06:47:11.306Z GET /api/contests/C0011 -> 304 auth=eyJuIjoiYWRt ua=Mozilla/5.0 (X11; Linux x86_64) AppleWeb
2026-08-20T06:47:11.310Z GET /api/contests/C0011/rank -> 304 auth=eyJuIjoiYWRt ua=Mozilla/5.0 (X11; Linux x86_64) AppleWeb
2026-08-20T06:47:13.724Z GET /api/contests/C0011 -> 304 auth=eyJuIjoiYWRt ua=Mozilla/5.0 (X11; Linux x86_64) AppleWeb
2026-08-20T06:47:13.727Z GET /api/contests/C0011/rank -> 304 auth=eyJuIjoiYWRt ua=Mozilla/5.0 (X11; Linux x86_64) AppleWeb
2026-08-20T06:47:16.306Z GET /api/contests/C0011 -> 304 auth=eyJuIjoiYWRt ua=Mozilla/5.0 (X11; Linux x86_64) AppleWeb
2026-08-20T06:47:16.311Z GET /api/contests/C0011/rank -> 304 auth=eyJuIjoiYWRt ua=Mozilla/5.0 (X11; Linux x86_64) AppleWeb
2026-08-20T06:47:18.724Z GET /api/contests/C0011 -> 304 auth=eyJuIjoiYWRt ua=Mozilla/5.0 (X11; Linux x86_64) AppleWeb
2026-08-20T06:47:18.728Z GET /api/contests/C0011/rank -> 304 auth=eyJuIjoiYWRt ua=Mozilla/5.0 (X11; Linux x86_64) AppleWeb
2026-08-20T06:47:21.307Z GET /api/contests/C0011 -> 304 auth=eyJuIjoiYWRt ua=Mozilla/5.0 (X11; Linux x86_64) AppleWeb
2026-08-20T06:47:21.317Z GET /api/contests/C0011/rank -> 304 auth=eyJuIjoiYWRt ua=Mozilla/5.0 (X11; Linux x86_64) AppleWeb
2026-08-20T06:47:23.724Z GET /api/contests/C0011 -> 304 auth=eyJuIjoiYWRt ua=Mozilla/5.0 (X11; Linux x86_64) AppleWeb
2026-08-20T06:47:23.727Z GET /api/contests/C0011/rank -> 304 auth=eyJuIjoiYWRt ua=Mozilla/5.0 (X11; Linux x86_64) AppleWeb
2026-08-20T06:47:26.307Z GET /api/contests/C0011 -> 304 auth=eyJuIjoiYWRt ua=Mozilla/5.0 (X11; Linux x86_64) AppleWeb
2026-08-20T06:47:26.311Z GET /api/contests/C0011/rank -> 304 auth=eyJuIjoiYWRt ua=Mozilla/5.0 (X11; Linux x86_64) AppleWeb
2026-08-20T06:47:28.723Z GET /api/contests/C0011 -> 304 auth=eyJuIjoiYWRt ua=Mozilla/5.0 (X11; Linux x86_64) AppleWeb
2026-08-20T06:47:28.727Z GET /api/contests/C0011/rank -> 304 auth=eyJuIjoiYWRt ua=Mozilla/5.0 (X11; Linux x86_64) AppleWeb
2026-08-20T06:47:31.307Z GET /api/contests/C0011 -> 304 auth=eyJuIjoiYWRt ua=Mozilla/5.0 (X11; Linux x86_64) AppleWeb
2026-08-20T06:47:31.317Z GET /api/contests/C0011/rank -> 304 auth=eyJuIjoiYWRt ua=Mozilla/5.0 (X11; Linux x86_64) AppleWeb
2026-08-20T06:47:33.724Z GET /api/contests/C0011 -> 304 auth=eyJuIjoiYWRt ua=Mozilla/5.0 (X11; Linux x86_64) AppleWeb
2026-08-20T06:47:33.729Z GET /api/contests/C0011/rank -> 304 auth=eyJuIjoiYWRt ua=Mozilla/5.0 (X11; Linux x86_64) AppleWeb
2026-08-20T06:47:36.310Z GET /api/contests/C0011 -> 304 auth=eyJuIjoiYWRt ua=Mozilla/5.0 (X11; Linux x86_64) AppleWeb
2026-08-20T06:47:36.317Z GET /api/contests/C0011/rank -> 304 auth=eyJuIjoiYWRt ua=Mozilla/5.0 (X11; Linux x86_64) AppleWeb
2026-08-20T06:47:38.724Z GET /api/contests/C0011 -> 304 auth=eyJuIjoiYWRt ua=Mozilla/5.0 (X11; Linux x86_64) AppleWeb
2026-08-20T06:47:38.728Z GET /api/contests/C0011/rank -> 304 auth=eyJuIjoiYWRt ua=Mozilla/5.0 (X11; Linux x86_64) AppleWeb
2026-08-20T06:47:41.307Z GET /api/contests/C0011 -> 304 auth=eyJuIjoiYWRt ua=Mozilla/5.0 (X11; Linux x86_64) AppleWeb
2026-08-20T06:47:41.311Z GET /api/contests/C0011/rank -> 304 auth=eyJuIjoiYWRt ua=Mozilla/5.0 (X11; Linux x86_64) AppleWeb
2026-08-20T06:47:43.724Z GET /api/contests/C0011 -> 304 auth=eyJuIjoiYWRt ua=Mozilla/5.0 (X11; Linux x86_64) AppleWeb
2026-08-20T06:47:43.731Z GET /api/contests/C0011/rank -> 304 auth=eyJuIjoiYWRt ua=Mozilla/5.0 (X11; Linux x86_64) AppleWeb
2026-08-20T06:47:46.306Z GET /api/contests/C0011 -> 304 auth=eyJuIjoiYWRt ua=Mozilla/5.0 (X11; Linux x86_64) AppleWeb
2026-08-20T06:47:46.310Z GET /api/contests/C0011/rank -> 304 auth=eyJuIjoiYWRt ua=Mozilla/5.0 (X11; Linux x86_64) AppleWeb
2026-08-20T06:47:48.724Z GET /api/contests/C0011 -> 304 auth=eyJuIjoiYWRt ua=Mozilla/5.0 (X11; Linux x86_64) AppleWeb
2026-08-20T06:47:48.728Z GET /api/contests/C0011/rank -> 304 auth=eyJuIjoiYWRt ua=Mozilla/5.0 (X11; Linux x86_64) AppleWeb
2026-08-20T06:47:51.307Z GET /api/contests/C0011 -> 304 auth=eyJuIjoiYWRt ua=Mozilla/5.0 (X11; Linux x86_64) AppleWeb
2026-08-20T06:47:51.310Z GET /api/contests/C0011/rank -> 304 auth=eyJuIjoiYWRt ua=Mozilla/5.0 (X11; Linux x86_64) AppleWeb
2026-08-20T06:47:53.724Z GET /api/contests/C0011 -> 304 auth=eyJuIjoiYWRt ua=Mozilla/5.0 (X11; Linux x86_64) AppleWeb
2026-08-20T06:47:53.729Z GET /api/contests/C0011/rank -> 304 auth=eyJuIjoiYWRt ua=Mozilla/5.0 (X11; Linux x86_64) AppleWeb
2026-08-20T06:47:56.307Z GET /api/contests/C0011 -> 304 auth=eyJuIjoiYWRt ua=Mozilla/5.0 (X11; Linux x86_64) AppleWeb
2026-08-20T06:47:56.310Z GET /api/contests/C0011/rank -> 304 auth=eyJuIjoiYWRt ua=Mozilla/5.0 (X11; Linux x86_64) AppleWeb
2026-08-20T06:47:58.724Z GET /api/contests/C0011 -> 304 auth=eyJuIjoiYWRt ua=Mozilla/5.0 (X11; Linux x86_64) AppleWeb
2026-08-20T06:47:58.728Z GET /api/contests/C0011/rank -> 304 auth=eyJuIjoiYWRt ua=Mozilla/5.0 (X11; Linux x86_64) AppleWeb
2026-08-20T06:48:01.307Z GET /api/contests/C0011 -> 304 auth=eyJuIjoiYWRt ua=Mozilla/5.0 (X11; Linux x86_64) AppleWeb
2026-08-20T06:48:01.310Z GET /api/contests/C0011/rank -> 304 auth=eyJuIjoiYWRt ua=Mozilla/5.0 (X11; Linux x86_64) AppleWeb
2026-08-20T06:48:03.723Z GET /api/contests/C0011 -> 304 auth=eyJuIjoiYWRt ua=Mozilla/5.0 (X11; Linux x86_64) AppleWeb
2026-08-20T06:48:03.728Z GET /api/contests/C0011/rank -> 304 auth=eyJuIjoiYWRt ua=Mozilla/5.0 (X11; Linux x86_64) AppleWeb
2026-08-20T06:48:06.307Z GET /api/contests/C0011 -> 304 auth=eyJuIjoiYWRt ua=Mozilla/5.0 (X11; Linux x86_64) AppleWeb
2026-08-20T06:48:06.311Z GET /api/contests/C0011/rank -> 304 auth=eyJuIjoiYWRt ua=Mozilla/5.0 (X11; Linux x86_64) AppleWeb
2026-08-20T06:48:08.724Z GET /api/contests/C0011 -> 304 auth=eyJuIjoiYWRt ua=Mozilla/5.0 (X11; Linux x86_64) AppleWeb
2026-08-20T06:48:08.731Z GET /api/contests/C0011/rank -> 304 auth=eyJuIjoiYWRt ua=Mozilla/5.0 (X11; Linux x86_64) AppleWeb
2026-08-20T06:48:11.306Z GET /api/contests/C0011 -> 304 auth=eyJuIjoiYWRt ua=Mozilla/5.0 (X11; Linux x86_64) AppleWeb
2026-08-20T06:48:11.310Z GET /api/contests/C0011/rank -> 304 auth=eyJuIjoiYWRt ua=Mozilla/5.0 (X11; Linux x86_64) AppleWeb
2026-08-20T06:48:13.724Z GET /api/contests/C0011 -> 304 auth=eyJuIjoiYWRt ua=Mozilla/5.0 (X11; Linux x86_64) AppleWeb
2026-08-20T06:48:13.730Z GET /api/contests/C0011/rank -> 304 auth=eyJuIjoiYWRt ua=Mozilla/5.0 (X11; Linux x86_64) AppleWeb
2026-08-20T06:48:16.307Z GET /api/contests/C0011 -> 304 auth=eyJuIjoiYWRt ua=Mozilla/5.0 (X11; Linux x86_64) AppleWeb
2026-08-20T06:48:16.311Z GET /api/contests/C0011/rank -> 304 auth=eyJuIjoiYWRt ua=Mozilla/5.0 (X11; Linux x86_64) AppleWeb
2026-08-20T06:48:18.724Z GET /api/contests/C0011 -> 304 auth=eyJuIjoiYWRt ua=Mozilla/5.0 (X11; Linux x86_64) AppleWeb
2026-08-20T06:48:18.727Z GET /api/contests/C0011/rank -> 304 auth=eyJuIjoiYWRt ua=Mozilla/5.0 (X11; Linux x86_64) AppleWeb
2026-08-20T06:48:21.306Z GET /api/contests/C0011 -> 304 auth=eyJuIjoiYWRt ua=Mozilla/5.0 (X11; Linux x86_64) AppleWeb
2026-08-20T06:48:21.310Z GET /api/contests/C0011/rank -> 304 auth=eyJuIjoiYWRt ua=Mozilla/5.0 (X11; Linux x86_64) AppleWeb
2026-08-20T06:48:23.723Z GET /api/contests/C0011 -> 304 auth=eyJuIjoiYWRt ua=Mozilla/5.0 (X11; Linux x86_64) AppleWeb
2026-08-20T06:48:23.727Z GET /api/contests/C0011/rank -> 304 auth=eyJuIjoiYWRt ua=Mozilla/5.0 (X11; Linux x86_64) AppleWeb
2026-08-20T06:48:26.306Z GET /api/contests/C0011 -> 304 auth=eyJuIjoiYWRt ua=Mozilla/5.0 (X11; Linux x86_64) AppleWeb
2026-08-20T06:48:26.310Z GET /api/contests/C0011/rank -> 304 auth=eyJuIjoiYWRt ua=Mozilla/5.0 (X11; Linux x86_64) AppleWeb
2026-08-20T06:48:28.723Z GET /api/contests/C0011 -> 304 auth=eyJuIjoiYWRt ua=Mozilla/5.0 (X11; Linux x86_64) AppleWeb
2026-08-20T06:48:28.727Z GET /api/contests/C0011/rank -> 304 auth=eyJuIjoiYWRt ua=Mozilla/5.0 (X11; Linux x86_64) AppleWeb
2026-08-20T06:48:31.306Z GET /api/contests/C0011 -> 304 auth=eyJuIjoiYWRt ua=Mozilla/5.0 (X11; Linux x86_64) AppleWeb
2026-08-20T06:48:31.310Z GET /api/contests/C0011/rank -> 304 auth=eyJuIjoiYWRt ua=Mozilla/5.0 (X11; Linux x86_64) AppleWeb
2026-08-20T06:48:33.723Z GET /api/contests/C0011 -> 304 auth=eyJuIjoiYWRt ua=Mozilla/5.0 (X11; Linux x86_64) AppleWeb
2026-08-20T06:48:33.727Z GET /api/contests/C0011/rank -> 304 auth=eyJuIjoiYWRt ua=Mozilla/5.0 (X11; Linux x86_64) AppleWeb
2026-08-20T06:48:36.307Z GET /api/contests/C0011 -> 304 auth=eyJuIjoiYWRt ua=Mozilla/5.0 (X11; Linux x86_64) AppleWeb
2026-08-20T06:48:36.311Z GET /api/contests/C0011/rank -> 304 auth=eyJuIjoiYWRt ua=Mozilla/5.0 (X11; Linux x86_64) AppleWeb
2026-08-20T06:48:38.723Z GET /api/contests/C0011 -> 304 auth=eyJuIjoiYWRt ua=Mozilla/5.0 (X11; Linux x86_64) AppleWeb
2026-08-20T06:48:38.727Z GET /api/contests/C0011/rank -> 304 auth=eyJuIjoiYWRt ua=Mozilla/5.0 (X11; Linux x86_64) AppleWeb
2026-08-20T06:48:41.307Z GET /api/contests/C0011 -> 304 auth=eyJuIjoiYWRt ua=Mozilla/5.0 (X11; Linux x86_64) AppleWeb
2026-08-20T06:48:41.311Z GET /api/contests/C0011/rank -> 304 auth=eyJuIjoiYWRt ua=Mozilla/5.0 (X11; Linux x86_64) AppleWeb
2026-08-20T06:48:43.725Z GET /api/contests/C0011 -> 304 auth=eyJuIjoiYWRt ua=Mozilla/5.0 (X11; Linux x86_64) AppleWeb
2026-08-20T06:48:43.728Z GET /api/contests/C0011/rank -> 304 auth=eyJuIjoiYWRt ua=Mozilla/5.0 (X11; Linux x86_64) AppleWeb
2026-08-20T06:48:46.307Z GET /api/contests/C0011 -> 304 auth=eyJuIjoiYWRt ua=Mozilla/5.0 (X11; Linux x86_64) AppleWeb
2026-08-20T06:48:46.314Z GET /api/contests/C0011/rank -> 304 auth=eyJuIjoiYWRt ua=Mozilla/5.0 (X11; Linux x86_64) AppleWeb
2026-08-20T06:48:48.724Z GET /api/contests/C0011 -> 304 auth=eyJuIjoiYWRt ua=Mozilla/5.0 (X11; Linux x86_64) AppleWeb
2026-08-20T06:48:48.728Z GET /api/contests/C0011/rank -> 304 auth=eyJuIjoiYWRt ua=Mozilla/5.0 (X11; Linux x86_64) AppleWeb
2026-08-20T06:48:51.313Z GET /api/contests/C0011 -> 304 auth=eyJuIjoiYWRt ua=Mozilla/5.0 (X11; Linux x86_64) AppleWeb
2026-08-20T06:48:51.320Z GET /api/contests/C0011/rank -> 304 auth=eyJuIjoiYWRt ua=Mozilla/5.0 (X11; Linux x86_64) AppleWeb
2026-08-20T06:48:53.724Z GET /api/contests/C0011 -> 304 auth=eyJuIjoiYWRt ua=Mozilla/5.0 (X11; Linux x86_64) AppleWeb
2026-08-20T06:48:53.729Z GET /api/contests/C0011/rank -> 304 auth=eyJuIjoiYWRt ua=Mozilla/5.0 (X11; Linux x86_64) AppleWeb
2026-08-20T06:48:56.306Z GET /api/contests/C0011 -> 304 auth=eyJuIjoiYWRt ua=Mozilla/5.0 (X11; Linux x86_64) AppleWeb
2026-08-20T06:48:56.310Z GET /api/contests/C0011/rank -> 304 auth=eyJuIjoiYWRt ua=Mozilla/5.0 (X11; Linux x86_64) AppleWeb
2026-08-20T06:48:58.724Z GET /api/contests/C0011 -> 304 auth=eyJuIjoiYWRt ua=Mozilla/5.0 (X11; Linux x86_64) AppleWeb
2026-08-20T06:48:58.728Z GET /api/contests/C0011/rank -> 304 auth=eyJuIjoiYWRt ua=Mozilla/5.0 (X11; Linux x86_64) AppleWeb
2026-08-20T06:49:01.307Z GET /api/contests/C0011 -> 304 auth=eyJuIjoiYWRt ua=Mozilla/5.0 (X11; Linux x86_64) AppleWeb
2026-08-20T06:49:01.316Z GET /api/contests/C0011/rank -> 304 auth=eyJuIjoiYWRt ua=Mozilla/5.0 (X11; Linux x86_64) AppleWeb
2026-08-20T06:49:03.724Z GET /api/contests/C0011 -> 304 auth=eyJuIjoiYWRt ua=Mozilla/5.0 (X11; Linux x86_64) AppleWeb
2026-08-20T06:49:03.728Z GET /api/contests/C0011/rank -> 304 auth=eyJuIjoiYWRt ua=Mozilla/5.0 (X11; Linux x86_64) AppleWeb
2026-08-20T06:49:06.307Z GET /api/contests/C0011 -> 304 auth=eyJuIjoiYWRt ua=Mozilla/5.0 (X11; Linux x86_64) AppleWeb
2026-08-20T06:49:06.311Z GET /api/contests/C0011/rank -> 304 auth=eyJuIjoiYWRt ua=Mozilla/5.0 (X11; Linux x86_64) AppleWeb
2026-08-20T06:49:08.724Z GET /api/contests/C0011 -> 304 auth=eyJuIjoiYWRt ua=Mozilla/5.0 (X11; Linux x86_64) AppleWeb
2026-08-20T06:49:08.728Z GET /api/contests/C0011/rank -> 304 auth=eyJuIjoiYWRt ua=Mozilla/5.0 (X11; Linux x86_64) AppleWeb
2026-08-20T06:49:11.307Z GET /api/contests/C0011 -> 304 auth=eyJuIjoiYWRt ua=Mozilla/5.0 (X11; Linux x86_64) AppleWeb
2026-08-20T06:49:11.316Z GET /api/contests/C0011/rank -> 304 auth=eyJuIjoiYWRt ua=Mozilla/5.0 (X11; Linux x86_64) AppleWeb
2026-08-20T06:49:13.723Z GET /api/contests/C0011 -> 304 auth=eyJuIjoiYWRt ua=Mozilla/5.0 (X11; Linux x86_64) AppleWeb
2026-08-20T06:49:13.727Z GET /api/contests/C0011/rank -> 304 auth=eyJuIjoiYWRt ua=Mozilla/5.0 (X11; Linux x86_64) AppleWeb
2026-08-20T06:49:16.307Z GET /api/contests/C0011 -> 304 auth=eyJuIjoiYWRt ua=Mozilla/5.0 (X11; Linux x86_64) AppleWeb
2026-08-20T06:49:16.314Z GET /api/contests/C0011/rank -> 304 auth=eyJuIjoiYWRt ua=Mozilla/5.0 (X11; Linux x86_64) AppleWeb
2026-08-20T06:49:18.724Z GET /api/contests/C0011 -> 304 auth=eyJuIjoiYWRt ua=Mozilla/5.0 (X11; Linux x86_64) AppleWeb
2026-08-20T06:49:18.727Z GET /api/contests/C0011/rank -> 304 auth=eyJuIjoiYWRt ua=Mozilla/5.0 (X11; Linux x86_64) AppleWeb
2026-08-20T06:49:21.306Z GET /api/contests/C0011 -> 304 auth=eyJuIjoiYWRt ua=Mozilla/5.0 (X11; Linux x86_64) AppleWeb
2026-08-20T06:49:21.310Z GET /api/contests/C0011/rank -> 304 auth=eyJuIjoiYWRt ua=Mozilla/5.0 (X11; Linux x86_64) AppleWeb
2026-08-20T06:49:23.723Z GET /api/contests/C0011 -> 304 auth=eyJuIjoiYWRt ua=Mozilla/5.0 (X11; Linux x86_64) AppleWeb
2026-08-20T06:49:23.728Z GET /api/contests/C0011/rank -> 304 auth=eyJuIjoiYWRt ua=Mozilla/5.0 (X11; Linux x86_64) AppleWeb
2026-08-20T06:49:26.307Z GET /api/contests/C0011 -> 304 auth=eyJuIjoiYWRt ua=Mozilla/5.0 (X11; Linux x86_64) AppleWeb
2026-08-20T06:49:26.310Z GET /api/contests/C0011/rank -> 304 auth=eyJuIjoiYWRt ua=Mozilla/5.0 (X11; Linux x86_64) AppleWeb
2026-08-20T06:49:28.723Z GET /api/contests/C0011 -> 304 auth=eyJuIjoiYWRt ua=Mozilla/5.0 (X11; Linux x86_64) AppleWeb
2026-08-20T06:49:28.727Z GET /api/contests/C0011/rank -> 304 auth=eyJuIjoiYWRt ua=Mozilla/5.0 (X11; Linux x86_64) AppleWeb
2026-08-20T06:49:31.306Z GET /api/contests/C0011 -> 304 auth=eyJuIjoiYWRt ua=Mozilla/5.0 (X11; Linux x86_64) AppleWeb
2026-08-20T06:49:31.310Z GET /api/contests/C0011/rank -> 304 auth=eyJuIjoiYWRt ua=Mozilla/5.0 (X11; Linux x86_64) AppleWeb
2026-08-20T06:49:33.730Z GET /api/contests/C0011 -> 304 auth=eyJuIjoiYWRt ua=Mozilla/5.0 (X11; Linux x86_64) AppleWeb
2026-08-20T06:49:33.734Z GET /api/contests/C0011/rank -> 304 auth=eyJuIjoiYWRt ua=Mozilla/5.0 (X11; Linux x86_64) AppleWeb
2026-08-20T06:49:36.307Z GET /api/contests/C0011 -> 304 auth=eyJuIjoiYWRt ua=Mozilla/5.0 (X11; Linux x86_64) AppleWeb
2026-08-20T06:49:36.312Z GET /api/contests/C0011/rank -> 304 auth=eyJuIjoiYWRt ua=Mozilla/5.0 (X11; Linux x86_64) AppleWeb
2026-08-20T06:49:38.723Z GET /api/contests/C0011 -> 304 auth=eyJuIjoiYWRt ua=Mozilla/5.0 (X11; Linux x86_64) AppleWeb
2026-08-20T06:49:38.727Z GET /api/contests/C0011/rank -> 304 auth=eyJuIjoiYWRt ua=Mozilla/5.0 (X11; Linux x86_64) AppleWeb
2026-08-20T06:49:41.306Z GET /api/contests/C0011 -> 304 auth=eyJuIjoiYWRt ua=Mozilla/5.0 (X11; Linux x86_64) AppleWeb
2026-08-20T06:49:41.310Z GET /api/contests/C0011/rank -> 304 auth=eyJuIjoiYWRt ua=Mozilla/5.0 (X11; Linux x86_64) AppleWeb
2026-08-20T06:49:43.723Z GET /api/contests/C0011 -> 304 auth=eyJuIjoiYWRt ua=Mozilla/5.0 (X11; Linux x86_64) AppleWeb
2026-08-20T06:49:43.727Z GET /api/contests/C0011/rank -> 304 auth=eyJuIjoiYWRt ua=Mozilla/5.0 (X11; Linux x86_64) AppleWeb
2026-08-20T06:49:46.306Z GET /api/contests/C0011 -> 304 auth=eyJuIjoiYWRt ua=Mozilla/5.0 (X11; Linux x86_64) AppleWeb
2026-08-20T06:49:46.310Z GET /api/contests/C0011/rank -> 304 auth=eyJuIjoiYWRt ua=Mozilla/5.0 (X11; Linux x86_64) AppleWeb
2026-08-20T06:49:48.723Z GET /api/contests/C0011 -> 304 auth=eyJuIjoiYWRt ua=Mozilla/5.0 (X11; Linux x86_64) AppleWeb
2026-08-20T06:49:48.727Z GET /api/contests/C0011/rank -> 304 auth=eyJuIjoiYWRt ua=Mozilla/5.0 (X11; Linux x86_64) AppleWeb
2026-08-20T06:49:51.307Z GET /api/contests/C0011 -> 304 auth=eyJuIjoiYWRt ua=Mozilla/5.0 (X11; Linux x86_64) AppleWeb
2026-08-20T06:49:51.310Z GET /api/contests/C0011/rank -> 304 auth=eyJuIjoiYWRt ua=Mozilla/5.0 (X11; Linux x86_64) AppleWeb
2026-08-20T06:49:53.723Z GET /api/contests/C0011 -> 304 auth=eyJuIjoiYWRt ua=Mozilla/5.0 (X11; Linux x86_64) AppleWeb
2026-08-20T06:49:53.729Z GET /api/contests/C0011/rank -> 304 auth=eyJuIjoiYWRt ua=Mozilla/5.0 (X11; Linux x86_64) AppleWeb
2026-08-20T06:49:56.307Z GET /api/contests/C0011 -> 304 auth=eyJuIjoiYWRt ua=Mozilla/5.0 (X11; Linux x86_64) AppleWeb
2026-08-20T06:49:56.311Z GET /api/contests/C0011/rank -> 304 auth=eyJuIjoiYWRt ua=Mozilla/5.0 (X11; Linux x86_64) AppleWeb
2026-08-20T06:49:58.723Z GET /api/contests/C0011 -> 304 auth=eyJuIjoiYWRt ua=Mozilla/5.0 (X11; Linux x86_64) AppleWeb
2026-08-20T06:49:58.727Z GET /api/contests/C0011/rank -> 304 auth=eyJuIjoiYWRt ua=Mozilla/5.0 (X11; Linux x86_64) AppleWeb
2026-08-20T06:50:01.307Z GET /api/contests/C0011 -> 304 auth=eyJuIjoiYWRt ua=Mozilla/5.0 (X11; Linux x86_64) AppleWeb
2026-08-20T06:50:01.311Z GET /api/contests/C0011/rank -> 304 auth=eyJuIjoiYWRt ua=Mozilla/5.0 (X11; Linux x86_64) AppleWeb
2026-08-20T06:50:03.724Z GET /api/contests/C0011 -> 304 auth=eyJuIjoiYWRt ua=Mozilla/5.0 (X11; Linux x86_64) AppleWeb
2026-08-20T06:50:03.728Z GET /api/contests/C0011/rank -> 304 auth=eyJuIjoiYWRt ua=Mozilla/5.0 (X11; Linux x86_64) AppleWeb
2026-08-20T06:50:06.306Z GET /api/contests/C0011 -> 304 auth=eyJuIjoiYWRt ua=Mozilla/5.0 (X11; Linux x86_64) AppleWeb
2026-08-20T06:50:06.310Z GET /api/contests/C0011/rank -> 304 auth=eyJuIjoiYWRt ua=Mozilla/5.0 (X11; Linux x86_64) AppleWeb
2026-08-20T06:50:08.724Z GET /api/contests/C0011 -> 304 auth=eyJuIjoiYWRt ua=Mozilla/5.0 (X11; Linux x86_64) AppleWeb
2026-08-20T06:50:08.728Z GET /api/contests/C0011/rank -> 304 auth=eyJuIjoiYWRt ua=Mozilla/5.0 (X11; Linux x86_64) AppleWeb
2026-08-20T06:50:11.309Z GET /api/contests/C0011 -> 304 auth=eyJuIjoiYWRt ua=Mozilla/5.0 (X11; Linux x86_64) AppleWeb
2026-08-20T06:50:11.313Z GET /api/contests/C0011/rank -> 304 auth=eyJuIjoiYWRt ua=Mozilla/5.0 (X11; Linux x86_64) AppleWeb
2026-08-20T06:50:13.723Z GET /api/contests/C0011 -> 304 auth=eyJuIjoiYWRt ua=Mozilla/5.0 (X11; Linux x86_64) AppleWeb
2026-08-20T06:50:13.727Z GET /api/contests/C0011/rank -> 304 auth=eyJuIjoiYWRt ua=Mozilla/5.0 (X11; Linux x86_64) AppleWeb
2026-08-20T06:50:16.307Z GET /api/contests/C0011 -> 304 auth=eyJuIjoiYWRt ua=Mozilla/5.0 (X11; Linux x86_64) AppleWeb
2026-08-20T06:50:16.314Z GET /api/contests/C0011/rank -> 304 auth=eyJuIjoiYWRt ua=Mozilla/5.0 (X11; Linux x86_64) AppleWeb
2026-08-20T06:50:18.723Z GET /api/contests/C0011 -> 304 auth=eyJuIjoiYWRt ua=Mozilla/5.0 (X11; Linux x86_64) AppleWeb
2026-08-20T06:50:18.728Z GET /api/contests/C0011/rank -> 304 auth=eyJuIjoiYWRt ua=Mozilla/5.0 (X11; Linux x86_64) AppleWeb
2026-08-20T06:50:21.307Z GET /api/contests/C0011 -> 304 auth=eyJuIjoiYWRt ua=Mozilla/5.0 (X11; Linux x86_64) AppleWeb
2026-08-20T06:50:21.313Z GET /api/contests/C0011/rank -> 304 auth=eyJuIjoiYWRt ua=Mozilla/5.0 (X11; Linux x86_64) AppleWeb
2026-08-20T06:50:23.725Z GET /api/contests/C0011 -> 304 auth=eyJuIjoiYWRt ua=Mozilla/5.0 (X11; Linux x86_64) AppleWeb
2026-08-20T06:50:23.729Z GET /api/contests/C0011/rank -> 304 auth=eyJuIjoiYWRt ua=Mozilla/5.0 (X11; Linux x86_64) AppleWeb
2026-08-20T06:50:26.307Z GET /api/contests/C0011 -> 304 auth=eyJuIjoiYWRt ua=Mozilla/5.0 (X11; Linux x86_64) AppleWeb
2026-08-20T06:50:26.314Z GET /api/contests/C0011/rank -> 304 auth=eyJuIjoiYWRt ua=Mozilla/5.0 (X11; Linux x86_64) AppleWeb
2026-08-20T06:50:28.723Z GET /api/contests/C0011 -> 304 auth=eyJuIjoiYWRt ua=Mozilla/5.0 (X11; Linux x86_64) AppleWeb
2026-08-20T06:50:28.727Z GET /api/contests/C0011/rank -> 304 auth=eyJuIjoiYWRt ua=Mozilla/5.0 (X11; Linux x86_64) AppleWeb
2026-08-20T06:50:31.306Z GET /api/contests/C0011 -> 304 auth=eyJuIjoiYWRt ua=Mozilla/5.0 (X11; Linux x86_64) AppleWeb
2026-08-20T06:50:31.310Z GET /api/contests/C0011/rank -> 304 auth=eyJuIjoiYWRt ua=Mozilla/5.0 (X11; Linux x86_64) AppleWeb
2026-08-20T06:50:33.723Z GET /api/contests/C0011 -> 304 auth=eyJuIjoiYWRt ua=Mozilla/5.0 (X11; Linux x86_64) AppleWeb
2026-08-20T06:50:33.727Z GET /api/contests/C0011/rank -> 304 auth=eyJuIjoiYWRt ua=Mozilla/5.0 (X11; Linux x86_64) AppleWeb
2026-08-20T06:50:36.307Z GET /api/contests/C0011 -> 304 auth=eyJuIjoiYWRt ua=Mozilla/5.0 (X11; Linux x86_64) AppleWeb
2026-08-20T06:50:36.311Z GET /api/contests/C0011/rank -> 304 auth=eyJuIjoiYWRt ua=Mozilla/5.0 (X11; Linux x86_64) AppleWeb
2026-08-20T06:50:38.723Z GET /api/contests/C0011 -> 304 auth=eyJuIjoiYWRt ua=Mozilla/5.0 (X11; Linux x86_64) AppleWeb
2026-08-20T06:50:38.728Z GET /api/contests/C0011/rank -> 304 auth=eyJuIjoiYWRt ua=Mozilla/5.0 (X11; Linux x86_64) AppleWeb
2026-08-20T06:50:41.313Z GET /api/contests/C0011 -> 304 auth=eyJuIjoiYWRt ua=Mozilla/5.0 (X11; Linux x86_64) AppleWeb
2026-08-20T06:50:41.317Z GET /api/contests/C0011/rank -> 304 auth=eyJuIjoiYWRt ua=Mozilla/5.0 (X11; Linux x86_64) AppleWeb
2026-08-20T06:50:43.723Z GET /api/contests/C0011 -> 304 auth=eyJuIjoiYWRt ua=Mozilla/5.0 (X11; Linux x86_64) AppleWeb
2026-08-20T06:50:43.727Z GET /api/contests/C0011/rank -> 304 auth=eyJuIjoiYWRt ua=Mozilla/5.0 (X11; Linux x86_64) AppleWeb
2026-08-20T06:50:46.307Z GET /api/contests/C0011 -> 304 auth=eyJuIjoiYWRt ua=Mozilla/5.0 (X11; Linux x86_64) AppleWeb
2026-08-20T06:50:46.311Z GET /api/contests/C0011/rank -> 304 auth=eyJuIjoiYWRt ua=Mozilla/5.0 (X11; Linux x86_64) AppleWeb
2026-08-20T06:50:48.723Z GET /api/contests/C0011 -> 304 auth=eyJuIjoiYWRt ua=Mozilla/5.0 (X11; Linux x86_64) AppleWeb
2026-08-20T06:50:48.727Z GET /api/contests/C0011/rank -> 304 auth=eyJuIjoiYWRt ua=Mozilla/5.0 (X11; Linux x86_64) AppleWeb
2026-08-20T06:50:51.306Z GET /api/contests/C0011 -> 304 auth=eyJuIjoiYWRt ua=Mozilla/5.0 (X11; Linux x86_64) AppleWeb
2026-08-20T06:50:51.310Z GET /api/contests/C0011/rank -> 304 auth=eyJuIjoiYWRt ua=Mozilla/5.0 (X11; Linux x86_64) AppleWeb
2026-08-20T06:50:53.723Z GET /api/contests/C0011 -> 304 auth=eyJuIjoiYWRt ua=Mozilla/5.0 (X11; Linux x86_64) AppleWeb
2026-08-20T06:50:53.727Z GET /api/contests/C0011/rank -> 304 auth=eyJuIjoiYWRt ua=Mozilla/5.0 (X11; Linux x86_64) AppleWeb
2026-08-20T06:50:56.306Z GET /api/contests/C0011 -> 304 auth=eyJuIjoiYWRt ua=Mozilla/5.0 (X11; Linux x86_64) AppleWeb
2026-08-20T06:50:56.310Z GET /api/contests/C0011/rank -> 304 auth=eyJuIjoiYWRt ua=Mozilla/5.0 (X11; Linux x86_64) AppleWeb
2026-08-20T06:50:58.723Z GET /api/contests/C0011 -> 304 auth=eyJuIjoiYWRt ua=Mozilla/5.0 (X11; Linux x86_64) AppleWeb
2026-08-20T06:50:58.727Z GET /api/contests/C0011/rank -> 304 auth=eyJuIjoiYWRt ua=Mozilla/5.0 (X11; Linux x86_64) AppleWeb
2026-08-20T06:51:01.306Z GET /api/contests/C0011 -> 304 auth=eyJuIjoiYWRt ua=Mozilla/5.0 (X11; Linux x86_64) AppleWeb
2026-08-20T06:51:01.310Z GET /api/contests/C0011/rank -> 304 auth=eyJuIjoiYWRt ua=Mozilla/5.0 (X11; Linux x86_64) AppleWeb
2026-08-20T06:51:03.723Z GET /api/contests/C0011 -> 304 auth=eyJuIjoiYWRt ua=Mozilla/5.0 (X11; Linux x86_64) AppleWeb
2026-08-20T06:51:03.727Z GET /api/contests/C0011/rank -> 304 auth=eyJuIjoiYWRt ua=Mozilla/5.0 (X11; Linux x86_64) AppleWeb
2026-08-20T06:51:06.306Z GET /api/contests/C0011 -> 304 auth=eyJuIjoiYWRt ua=Mozilla/5.0 (X11; Linux x86_64) AppleWeb
2026-08-20T06:51:06.310Z GET /api/contests/C0011/rank -> 304 auth=eyJuIjoiYWRt ua=Mozilla/5.0 (X11; Linux x86_64) AppleWeb
2026-08-20T06:51:08.723Z GET /api/contests/C0011 -> 304 auth=eyJuIjoiYWRt ua=Mozilla/5.0 (X11; Linux x86_64) AppleWeb
2026-08-20T06:51:08.728Z GET /api/contests/C0011/rank -> 304 auth=eyJuIjoiYWRt ua=Mozilla/5.0 (X11; Linux x86_64) AppleWeb
2026-08-20T06:51:11.306Z GET /api/contests/C0011 -> 304 auth=eyJuIjoiYWRt ua=Mozilla/5.0 (X11; Linux x86_64) AppleWeb
2026-08-20T06:51:11.310Z GET /api/contests/C0011/rank -> 304 auth=eyJuIjoiYWRt ua=Mozilla/5.0 (X11; Linux x86_64) AppleWeb
2026-08-20T06:51:13.723Z GET /api/contests/C0011 -> 304 auth=eyJuIjoiYWRt ua=Mozilla/5.0 (X11; Linux x86_64) AppleWeb
2026-08-20T06:51:13.728Z GET /api/contests/C0011/rank -> 304 auth=eyJuIjoiYWRt ua=Mozilla/5.0 (X11; Linux x86_64) AppleWeb
2026-08-20T06:51:16.306Z GET /api/contests/C0011 -> 304 auth=eyJuIjoiYWRt ua=Mozilla/5.0 (X11; Linux x86_64) AppleWeb
2026-08-20T06:51:16.317Z GET /api/contests/C0011/rank -> 304 auth=eyJuIjoiYWRt ua=Mozilla/5.0 (X11; Linux x86_64) AppleWeb
2026-08-20T06:51:18.723Z GET /api/contests/C0011 -> 304 auth=eyJuIjoiYWRt ua=Mozilla/5.0 (X11; Linux x86_64) AppleWeb
2026-08-20T06:51:18.733Z GET /api/contests/C0011/rank -> 304 auth=eyJuIjoiYWRt ua=Mozilla/5.0 (X11; Linux x86_64) AppleWeb
2026-08-20T06:51:21.307Z GET /api/contests/C0011 -> 304 auth=eyJuIjoiYWRt ua=Mozilla/5.0 (X11; Linux x86_64) AppleWeb
2026-08-20T06:51:21.310Z GET /api/contests/C0011/rank -> 304 auth=eyJuIjoiYWRt ua=Mozilla/5.0 (X11; Linux x86_64) AppleWeb
2026-08-20T06:51:23.723Z GET /api/contests/C0011 -> 304 auth=eyJuIjoiYWRt ua=Mozilla/5.0 (X11; Linux x86_64) AppleWeb
2026-08-20T06:51:23.727Z GET /api/contests/C0011/rank -> 304 auth=eyJuIjoiYWRt ua=Mozilla/5.0 (X11; Linux x86_64) AppleWeb
2026-08-20T06:51:26.306Z GET /api/contests/C0011 -> 304 auth=eyJuIjoiYWRt ua=Mozilla/5.0 (X11; Linux x86_64) AppleWeb
2026-08-20T06:51:26.310Z GET /api/contests/C0011/rank -> 304 auth=eyJuIjoiYWRt ua=Mozilla/5.0 (X11; Linux x86_64) AppleWeb
2026-08-20T06:51:28.723Z GET /api/contests/C0011 -> 304 auth=eyJuIjoiYWRt ua=Mozilla/5.0 (X11; Linux x86_64) AppleWeb
2026-08-20T06:51:28.727Z GET /api/contests/C0011/rank -> 304 auth=eyJuIjoiYWRt ua=Mozilla/5.0 (X11; Linux x86_64) AppleWeb
2026-08-20T06:51:31.307Z GET /api/contests/C0011 -> 304 auth=eyJuIjoiYWRt ua=Mozilla/5.0 (X11; Linux x86_64) AppleWeb
2026-08-20T06:51:31.310Z GET /api/contests/C0011/rank -> 304 auth=eyJuIjoiYWRt ua=Mozilla/5.0 (X11; Linux x86_64) AppleWeb
2026-08-20T06:51:33.723Z GET /api/contests/C0011 -> 304 auth=eyJuIjoiYWRt ua=Mozilla/5.0 (X11; Linux x86_64) AppleWeb
2026-08-20T06:51:33.727Z GET /api/contests/C0011/rank -> 304 auth=eyJuIjoiYWRt ua=Mozilla/5.0 (X11; Linux x86_64) AppleWeb
2026-08-20T06:51:36.306Z GET /api/contests/C0011 -> 304 auth=eyJuIjoiYWRt ua=Mozilla/5.0 (X11; Linux x86_64) AppleWeb
2026-08-20T06:51:36.310Z GET /api/contests/C0011/rank -> 304 auth=eyJuIjoiYWRt ua=Mozilla/5.0 (X11; Linux x86_64) AppleWeb
2026-08-20T06:51:38.723Z GET /api/contests/C0011 -> 304 auth=eyJuIjoiYWRt ua=Mozilla/5.0 (X11; Linux x86_64) AppleWeb
2026-08-20T06:51:38.727Z GET /api/contests/C0011/rank -> 304 auth=eyJuIjoiYWRt ua=Mozilla/5.0 (X11; Linux x86_64) AppleWeb
2026-08-20T06:51:41.306Z GET /api/contests/C0011 -> 304 auth=eyJuIjoiYWRt ua=Mozilla/5.0 (X11; Linux x86_64) AppleWeb
2026-08-20T06:51:41.310Z GET /api/contests/C0011/rank -> 304 auth=eyJuIjoiYWRt ua=Mozilla/5.0 (X11; Linux x86_64) AppleWeb
2026-08-20T06:51:43.724Z GET /api/contests/C0011 -> 304 auth=eyJuIjoiYWRt ua=Mozilla/5.0 (X11; Linux x86_64) AppleWeb
2026-08-20T06:51:43.728Z GET /api/contests/C0011/rank -> 304 auth=eyJuIjoiYWRt ua=Mozilla/5.0 (X11; Linux x86_64) AppleWeb
2026-08-20T06:51:46.307Z GET /api/contests/C0011 -> 304 auth=eyJuIjoiYWRt ua=Mozilla/5.0 (X11; Linux x86_64) AppleWeb
2026-08-20T06:51:46.311Z GET /api/contests/C0011/rank -> 304 auth=eyJuIjoiYWRt ua=Mozilla/5.0 (X11; Linux x86_64) AppleWeb
2026-08-20T06:51:48.724Z GET /api/contests/C0011 -> 304 auth=eyJuIjoiYWRt ua=Mozilla/5.0 (X11; Linux x86_64) AppleWeb
2026-08-20T06:51:48.728Z GET /api/contests/C0011/rank -> 304 auth=eyJuIjoiYWRt ua=Mozilla/5.0 (X11; Linux x86_64) AppleWeb
2026-08-20T06:51:51.307Z GET /api/contests/C0011 -> 304 auth=eyJuIjoiYWRt ua=Mozilla/5.0 (X11; Linux x86_64) AppleWeb
2026-08-20T06:51:51.311Z GET /api/contests/C0011/rank -> 304 auth=eyJuIjoiYWRt ua=Mozilla/5.0 (X11; Linux x86_64) AppleWeb
2026-08-20T06:51:53.724Z GET /api/contests/C0011 -> 304 auth=eyJuIjoiYWRt ua=Mozilla/5.0 (X11; Linux x86_64) AppleWeb
2026-08-20T06:51:53.728Z GET /api/contests/C0011/rank -> 304 auth=eyJuIjoiYWRt ua=Mozilla/5.0 (X11; Linux x86_64) AppleWeb
2026-08-20T06:51:56.307Z GET /api/contests/C0011 -> 304 auth=eyJuIjoiYWRt ua=Mozilla/5.0 (X11; Linux x86_64) AppleWeb
2026-08-20T06:51:56.310Z GET /api/contests/C0011/rank -> 304 auth=eyJuIjoiYWRt ua=Mozilla/5.0 (X11; Linux x86_64) AppleWeb
2026-08-20T06:51:58.724Z GET /api/contests/C0011 -> 304 auth=eyJuIjoiYWRt ua=Mozilla/5.0 (X11; Linux x86_64) AppleWeb
2026-08-20T06:51:58.728Z GET /api/contests/C0011/rank -> 304 auth=eyJuIjoiYWRt ua=Mozilla/5.0 (X11; Linux x86_64) AppleWeb
2026-08-20T06:52:01.307Z GET /api/contests/C0011 -> 304 auth=eyJuIjoiYWRt ua=Mozilla/5.0 (X11; Linux x86_64) AppleWeb
2026-08-20T06:52:01.311Z GET /api/contests/C0011/rank -> 304 auth=eyJuIjoiYWRt ua=Mozilla/5.0 (X11; Linux x86_64) AppleWeb
2026-08-20T06:52:03.724Z GET /api/contests/C0011 -> 304 auth=eyJuIjoiYWRt ua=Mozilla/5.0 (X11; Linux x86_64) AppleWeb
2026-08-20T06:52:03.728Z GET /api/contests/C0011/rank -> 304 auth=eyJuIjoiYWRt ua=Mozilla/5.0 (X11; Linux x86_64) AppleWeb
2026-08-20T06:52:06.307Z GET /api/contests/C0011 -> 304 auth=eyJuIjoiYWRt ua=Mozilla/5.0 (X11; Linux x86_64) AppleWeb
2026-08-20T06:52:06.313Z GET /api/contests/C0011/rank -> 304 auth=eyJuIjoiYWRt ua=Mozilla/5.0 (X11; Linux x86_64) AppleWeb
2026-08-20T06:52:08.724Z GET /api/contests/C0011 -> 304 auth=eyJuIjoiYWRt ua=Mozilla/5.0 (X11; Linux x86_64) AppleWeb
2026-08-20T06:52:08.727Z GET /api/contests/C0011/rank -> 304 auth=eyJuIjoiYWRt ua=Mozilla/5.0 (X11; Linux x86_64) AppleWeb
2026-08-20T06:52:11.307Z GET /api/contests/C0011 -> 304 auth=eyJuIjoiYWRt ua=Mozilla/5.0 (X11; Linux x86_64) AppleWeb
2026-08-20T06:52:11.311Z GET /api/contests/C0011/rank -> 304 auth=eyJuIjoiYWRt ua=Mozilla/5.0 (X11; Linux x86_64) AppleWeb
2026-08-20T06:52:13.724Z GET /api/contests/C0011 -> 304 auth=eyJuIjoiYWRt ua=Mozilla/5.0 (X11; Linux x86_64) AppleWeb
2026-08-20T06:52:13.727Z GET /api/contests/C0011/rank -> 304 auth=eyJuIjoiYWRt ua=Mozilla/5.0 (X11; Linux x86_64) AppleWeb
2026-08-20T06:52:16.306Z GET /api/contests/C0011 -> 304 auth=eyJuIjoiYWRt ua=Mozilla/5.0 (X11; Linux x86_64) AppleWeb
2026-08-20T06:52:16.310Z GET /api/contests/C0011/rank -> 304 auth=eyJuIjoiYWRt ua=Mozilla/5.0 (X11; Linux x86_64) AppleWeb
2026-08-20T06:52:18.724Z GET /api/contests/C0011 -> 304 auth=eyJuIjoiYWRt ua=Mozilla/5.0 (X11; Linux x86_64) AppleWeb
2026-08-20T06:52:18.728Z GET /api/contests/C0011/rank -> 304 auth=eyJuIjoiYWRt ua=Mozilla/5.0 (X11; Linux x86_64) AppleWeb
2026-08-20T06:52:21.307Z GET /api/contests/C0011 -> 304 auth=eyJuIjoiYWRt ua=Mozilla/5.0 (X11; Linux x86_64) AppleWeb
2026-08-20T06:52:21.311Z GET /api/contests/C0011/rank -> 304 auth=eyJuIjoiYWRt ua=Mozilla/5.0 (X11; Linux x86_64) AppleWeb
2026-08-20T06:52:23.724Z GET /api/contests/C0011 -> 304 auth=eyJuIjoiYWRt ua=Mozilla/5.0 (X11; Linux x86_64) AppleWeb
2026-08-20T06:52:23.728Z GET /api/contests/C0011/rank -> 304 auth=eyJuIjoiYWRt ua=Mozilla/5.0 (X11; Linux x86_64) AppleWeb
2026-08-20T06:52:26.306Z GET /api/contests/C0011 -> 304 auth=eyJuIjoiYWRt ua=Mozilla/5.0 (X11; Linux x86_64) AppleWeb
2026-08-20T06:52:26.310Z GET /api/contests/C0011/rank -> 304 auth=eyJuIjoiYWRt ua=Mozilla/5.0 (X11; Linux x86_64) AppleWeb
2026-08-20T06:52:28.723Z GET /api/contests/C0011 -> 304 auth=eyJuIjoiYWRt ua=Mozilla/5.0 (X11; Linux x86_64) AppleWeb
2026-08-20T06:52:28.727Z GET /api/contests/C0011/rank -> 304 auth=eyJuIjoiYWRt ua=Mozilla/5.0 (X11; Linux x86_64) AppleWeb
2026-08-20T06:52:31.307Z GET /api/contests/C0011 -> 304 auth=eyJuIjoiYWRt ua=Mozilla/5.0 (X11; Linux x86_64) AppleWeb
2026-08-20T06:52:31.317Z GET /api/contests/C0011/rank -> 304 auth=eyJuIjoiYWRt ua=Mozilla/5.0 (X11; Linux x86_64) AppleWeb
2026-08-20T06:52:33.733Z GET /api/contests/C0011 -> 304 auth=eyJuIjoiYWRt ua=Mozilla/5.0 (X11; Linux x86_64) AppleWeb
2026-08-20T06:52:33.737Z GET /api/contests/C0011/rank -> 304 auth=eyJuIjoiYWRt ua=Mozilla/5.0 (X11; Linux x86_64) AppleWeb
2026-08-20T06:52:36.307Z GET /api/contests/C0011 -> 304 auth=eyJuIjoiYWRt ua=Mozilla/5.0 (X11; Linux x86_64) AppleWeb
2026-08-20T06:52:36.311Z GET /api/contests/C0011/rank -> 304 auth=eyJuIjoiYWRt ua=Mozilla/5.0 (X11; Linux x86_64) AppleWeb
2026-08-20T06:52:38.729Z GET /api/contests/C0011 -> 304 auth=eyJuIjoiYWRt ua=Mozilla/5.0 (X11; Linux x86_64) AppleWeb
2026-08-20T06:52:38.733Z GET /api/contests/C0011/rank -> 304 auth=eyJuIjoiYWRt ua=Mozilla/5.0 (X11; Linux x86_64) AppleWeb
2026-08-20T06:52:41.307Z GET /api/contests/C0011 -> 304 auth=eyJuIjoiYWRt ua=Mozilla/5.0 (X11; Linux x86_64) AppleWeb
2026-08-20T06:52:41.311Z GET /api/contests/C0011/rank -> 304 auth=eyJuIjoiYWRt ua=Mozilla/5.0 (X11; Linux x86_64) AppleWeb
2026-08-20T06:52:43.724Z GET /api/contests/C0011 -> 304 auth=eyJuIjoiYWRt ua=Mozilla/5.0 (X11; Linux x86_64) AppleWeb
2026-08-20T06:52:43.728Z GET /api/contests/C0011/rank -> 304 auth=eyJuIjoiYWRt ua=Mozilla/5.0 (X11; Linux x86_64) AppleWeb
2026-08-20T06:52:46.306Z GET /api/contests/C0011 -> 304 auth=eyJuIjoiYWRt ua=Mozilla/5.0 (X11; Linux x86_64) AppleWeb
2026-08-20T06:52:46.310Z GET /api/contests/C0011/rank -> 304 auth=eyJuIjoiYWRt ua=Mozilla/5.0 (X11; Linux x86_64) AppleWeb
2026-08-20T06:52:48.723Z GET /api/contests/C0011 -> 304 auth=eyJuIjoiYWRt ua=Mozilla/5.0 (X11; Linux x86_64) AppleWeb
2026-08-20T06:52:48.727Z GET /api/contests/C0011/rank -> 304 auth=eyJuIjoiYWRt ua=Mozilla/5.0 (X11; Linux x86_64) AppleWeb
2026-08-20T06:52:51.307Z GET /api/contests/C0011 -> 304 auth=eyJuIjoiYWRt ua=Mozilla/5.0 (X11; Linux x86_64) AppleWeb
2026-08-20T06:52:51.310Z GET /api/contests/C0011/rank -> 304 auth=eyJuIjoiYWRt ua=Mozilla/5.0 (X11; Linux x86_64) AppleWeb
2026-08-20T06:52:53.723Z GET /api/contests/C0011 -> 304 auth=eyJuIjoiYWRt ua=Mozilla/5.0 (X11; Linux x86_64) AppleWeb
2026-08-20T06:52:53.730Z GET /api/contests/C0011/rank -> 304 auth=eyJuIjoiYWRt ua=Mozilla/5.0 (X11; Linux x86_64) AppleWeb
2026-08-20T06:52:56.307Z GET /api/contests/C0011 -> 304 auth=eyJuIjoiYWRt ua=Mozilla/5.0 (X11; Linux x86_64) AppleWeb
2026-08-20T06:52:56.310Z GET /api/contests/C0011/rank -> 304 auth=eyJuIjoiYWRt ua=Mozilla/5.0 (X11; Linux x86_64) AppleWeb
2026-08-20T06:52:58.723Z GET /api/contests/C0011 -> 304 auth=eyJuIjoiYWRt ua=Mozilla/5.0 (X11; Linux x86_64) AppleWeb
2026-08-20T06:52:58.730Z GET /api/contests/C0011/rank -> 304 auth=eyJuIjoiYWRt ua=Mozilla/5.0 (X11; Linux x86_64) AppleWeb
2026-08-20T06:53:01.307Z GET /api/contests/C0011 -> 304 auth=eyJuIjoiYWRt ua=Mozilla/5.0 (X11; Linux x86_64) AppleWeb
2026-08-20T06:53:01.310Z GET /api/contests/C0011/rank -> 304 auth=eyJuIjoiYWRt ua=Mozilla/5.0 (X11; Linux x86_64) AppleWeb
2026-08-20T06:53:03.723Z GET /api/contests/C0011 -> 304 auth=eyJuIjoiYWRt ua=Mozilla/5.0 (X11; Linux x86_64) AppleWeb
2026-08-20T06:53:03.730Z GET /api/contests/C0011/rank -> 304 auth=eyJuIjoiYWRt ua=Mozilla/5.0 (X11; Linux x86_64) AppleWeb
2026-08-20T06:53:06.307Z GET /api/contests/C0011 -> 304 auth=eyJuIjoiYWRt ua=Mozilla/5.0 (X11; Linux x86_64) AppleWeb
2026-08-20T06:53:06.310Z GET /api/contests/C0011/rank -> 304 auth=eyJuIjoiYWRt ua=Mozilla/5.0 (X11; Linux x86_64) AppleWeb
2026-08-20T06:53:08.723Z GET /api/contests/C0011 -> 304 auth=eyJuIjoiYWRt ua=Mozilla/5.0 (X11; Linux x86_64) AppleWeb
2026-08-20T06:53:08.730Z GET /api/contests/C0011/rank -> 304 auth=eyJuIjoiYWRt ua=Mozilla/5.0 (X11; Linux x86_64) AppleWeb
2026-08-20T06:53:11.307Z GET /api/contests/C0011 -> 304 auth=eyJuIjoiYWRt ua=Mozilla/5.0 (X11; Linux x86_64) AppleWeb
2026-08-20T06:53:11.311Z GET /api/contests/C0011/rank -> 304 auth=eyJuIjoiYWRt ua=Mozilla/5.0 (X11; Linux x86_64) AppleWeb
2026-08-20T06:53:13.723Z GET /api/contests/C0011 -> 304 auth=eyJuIjoiYWRt ua=Mozilla/5.0 (X11; Linux x86_64) AppleWeb
2026-08-20T06:53:13.730Z GET /api/contests/C0011/rank -> 304 auth=eyJuIjoiYWRt ua=Mozilla/5.0 (X11; Linux x86_64) AppleWeb
2026-08-20T06:53:16.307Z GET /api/contests/C0011 -> 304 auth=eyJuIjoiYWRt ua=Mozilla/5.0 (X11; Linux x86_64) AppleWeb
2026-08-20T06:53:16.310Z GET /api/contests/C0011/rank -> 304 auth=eyJuIjoiYWRt ua=Mozilla/5.0 (X11; Linux x86_64) AppleWeb
2026-08-20T06:53:18.723Z GET /api/contests/C0011 -> 304 auth=eyJuIjoiYWRt ua=Mozilla/5.0 (X11; Linux x86_64) AppleWeb
2026-08-20T06:53:18.727Z GET /api/contests/C0011/rank -> 304 auth=eyJuIjoiYWRt ua=Mozilla/5.0 (X11; Linux x86_64) AppleWeb
2026-08-20T06:53:21.306Z GET /api/contests/C0011 -> 304 auth=eyJuIjoiYWRt ua=Mozilla/5.0 (X11; Linux x86_64) AppleWeb
2026-08-20T06:53:21.310Z GET /api/contests/C0011/rank -> 304 auth=eyJuIjoiYWRt ua=Mozilla/5.0 (X11; Linux x86_64) AppleWeb
2026-08-20T06:53:23.723Z GET /api/contests/C0011 -> 304 auth=eyJuIjoiYWRt ua=Mozilla/5.0 (X11; Linux x86_64) AppleWeb
2026-08-20T06:53:23.730Z GET /api/contests/C0011/rank -> 304 auth=eyJuIjoiYWRt ua=Mozilla/5.0 (X11; Linux x86_64) AppleWeb
2026-08-20T06:53:26.307Z GET /api/contests/C0011 -> 304 auth=eyJuIjoiYWRt ua=Mozilla/5.0 (X11; Linux x86_64) AppleWeb
2026-08-20T06:53:26.312Z GET /api/contests/C0011/rank -> 304 auth=eyJuIjoiYWRt ua=Mozilla/5.0 (X11; Linux x86_64) AppleWeb
2026-08-20T06:53:28.724Z GET /api/contests/C0011 -> 304 auth=eyJuIjoiYWRt ua=Mozilla/5.0 (X11; Linux x86_64) AppleWeb
2026-08-20T06:53:28.727Z GET /api/contests/C0011/rank -> 304 auth=eyJuIjoiYWRt ua=Mozilla/5.0 (X11; Linux x86_64) AppleWeb
2026-08-20T06:53:31.311Z GET /api/contests/C0011 -> 304 auth=eyJuIjoiYWRt ua=Mozilla/5.0 (X11; Linux x86_64) AppleWeb
2026-08-20T06:53:31.315Z GET /api/contests/C0011/rank -> 304 auth=eyJuIjoiYWRt ua=Mozilla/5.0 (X11; Linux x86_64) AppleWeb
2026-08-20T06:53:33.724Z GET /api/contests/C0011 -> 304 auth=eyJuIjoiYWRt ua=Mozilla/5.0 (X11; Linux x86_64) AppleWeb
2026-08-20T06:53:33.728Z GET /api/contests/C0011/rank -> 304 auth=eyJuIjoiYWRt ua=Mozilla/5.0 (X11; Linux x86_64) AppleWeb
2026-08-20T06:53:36.307Z GET /api/contests/C0011 -> 304 auth=eyJuIjoiYWRt ua=Mozilla/5.0 (X11; Linux x86_64) AppleWeb
2026-08-20T06:53:36.311Z GET /api/contests/C0011/rank -> 304 auth=eyJuIjoiYWRt ua=Mozilla/5.0 (X11; Linux x86_64) AppleWeb
2026-08-20T06:53:38.723Z GET /api/contests/C0011 -> 304 auth=eyJuIjoiYWRt ua=Mozilla/5.0 (X11; Linux x86_64) AppleWeb
2026-08-20T06:53:38.727Z GET /api/contests/C0011/rank -> 304 auth=eyJuIjoiYWRt ua=Mozilla/5.0 (X11; Linux x86_64) AppleWeb
2026-08-20T06:53:41.307Z GET /api/contests/C0011 -> 304 auth=eyJuIjoiYWRt ua=Mozilla/5.0 (X11; Linux x86_64) AppleWeb
2026-08-20T06:53:41.310Z GET /api/contests/C0011/rank -> 304 auth=eyJuIjoiYWRt ua=Mozilla/5.0 (X11; Linux x86_64) AppleWeb
2026-08-20T06:53:43.723Z GET /api/contests/C0011 -> 304 auth=eyJuIjoiYWRt ua=Mozilla/5.0 (X11; Linux x86_64) AppleWeb
2026-08-20T06:53:43.727Z GET /api/contests/C0011/rank -> 304 auth=eyJuIjoiYWRt ua=Mozilla/5.0 (X11; Linux x86_64) AppleWeb
2026-08-20T06:53:46.306Z GET /api/contests/C0011 -> 304 auth=eyJuIjoiYWRt ua=Mozilla/5.0 (X11; Linux x86_64) AppleWeb
2026-08-20T06:53:46.310Z GET /api/contests/C0011/rank -> 304 auth=eyJuIjoiYWRt ua=Mozilla/5.0 (X11; Linux x86_64) AppleWeb
2026-08-20T06:53:48.723Z GET /api/contests/C0011 -> 304 auth=eyJuIjoiYWRt ua=Mozilla/5.0 (X11; Linux x86_64) AppleWeb
2026-08-20T06:53:48.727Z GET /api/contests/C0011/rank -> 304 auth=eyJuIjoiYWRt ua=Mozilla/5.0 (X11; Linux x86_64) AppleWeb
2026-08-20T06:53:51.307Z GET /api/contests/C0011 -> 304 auth=eyJuIjoiYWRt ua=Mozilla/5.0 (X11; Linux x86_64) AppleWeb
2026-08-20T06:53:51.311Z GET /api/contests/C0011/rank -> 304 auth=eyJuIjoiYWRt ua=Mozilla/5.0 (X11; Linux x86_64) AppleWeb
2026-08-20T06:53:53.723Z GET /api/contests/C0011 -> 304 auth=eyJuIjoiYWRt ua=Mozilla/5.0 (X11; Linux x86_64) AppleWeb
2026-08-20T06:53:53.727Z GET /api/contests/C0011/rank -> 304 auth=eyJuIjoiYWRt ua=Mozilla/5.0 (X11; Linux x86_64) AppleWeb
2026-08-20T06:53:56.306Z GET /api/contests/C0011 -> 304 auth=eyJuIjoiYWRt ua=Mozilla/5.0 (X11; Linux x86_64) AppleWeb
2026-08-20T06:53:56.311Z GET /api/contests/C0011/rank -> 304 auth=eyJuIjoiYWRt ua=Mozilla/5.0 (X11; Linux x86_64) AppleWeb
2026-08-20T06:53:58.723Z GET /api/contests/C0011 -> 304 auth=eyJuIjoiYWRt ua=Mozilla/5.0 (X11; Linux x86_64) AppleWeb
2026-08-20T06:53:58.728Z GET /api/contests/C0011/rank -> 304 auth=eyJuIjoiYWRt ua=Mozilla/5.0 (X11; Linux x86_64) AppleWeb
2026-08-20T06:54:01.306Z GET /api/contests/C0011 -> 304 auth=eyJuIjoiYWRt ua=Mozilla/5.0 (X11; Linux x86_64) AppleWeb
2026-08-20T06:54:01.311Z GET /api/contests/C0011/rank -> 304 auth=eyJuIjoiYWRt ua=Mozilla/5.0 (X11; Linux x86_64) AppleWeb
2026-08-20T06:54:03.723Z GET /api/contests/C0011 -> 304 auth=eyJuIjoiYWRt ua=Mozilla/5.0 (X11; Linux x86_64) AppleWeb
2026-08-20T06:54:03.727Z GET /api/contests/C0011/rank -> 304 auth=eyJuIjoiYWRt ua=Mozilla/5.0 (X11; Linux x86_64) AppleWeb
2026-08-20T06:54:06.313Z GET /api/contests/C0011 -> 304 auth=eyJuIjoiYWRt ua=Mozilla/5.0 (X11; Linux x86_64) AppleWeb
2026-08-20T06:54:06.319Z GET /api/contests/C0011/rank -> 304 auth=eyJuIjoiYWRt ua=Mozilla/5.0 (X11; Linux x86_64) AppleWeb
2026-08-20T06:54:08.723Z GET /api/contests/C0011 -> 304 auth=eyJuIjoiYWRt ua=Mozilla/5.0 (X11; Linux x86_64) AppleWeb
2026-08-20T06:54:08.727Z GET /api/contests/C0011/rank -> 304 auth=eyJuIjoiYWRt ua=Mozilla/5.0 (X11; Linux x86_64) AppleWeb
2026-08-20T06:54:11.306Z GET /api/contests/C0011 -> 304 auth=eyJuIjoiYWRt ua=Mozilla/5.0 (X11; Linux x86_64) AppleWeb
2026-08-20T06:54:11.310Z GET /api/contests/C0011/rank -> 304 auth=eyJuIjoiYWRt ua=Mozilla/5.0 (X11; Linux x86_64) AppleWeb
2026-08-20T06:54:13.723Z GET /api/contests/C0011 -> 304 auth=eyJuIjoiYWRt ua=Mozilla/5.0 (X11; Linux x86_64) AppleWeb
2026-08-20T06:54:13.727Z GET /api/contests/C0011/rank -> 304 auth=eyJuIjoiYWRt ua=Mozilla/5.0 (X11; Linux x86_64) AppleWeb
2026-08-20T06:54:16.306Z GET /api/contests/C0011 -> 304 auth=eyJuIjoiYWRt ua=Mozilla/5.0 (X11; Linux x86_64) AppleWeb
2026-08-20T06:54:16.310Z GET /api/contests/C0011/rank -> 304 auth=eyJuIjoiYWRt ua=Mozilla/5.0 (X11; Linux x86_64) AppleWeb
2026-08-20T06:54:18.723Z GET /api/contests/C0011 -> 304 auth=eyJuIjoiYWRt ua=Mozilla/5.0 (X11; Linux x86_64) AppleWeb
2026-08-20T06:54:18.727Z GET /api/contests/C0011/rank -> 304 auth=eyJuIjoiYWRt ua=Mozilla/5.0 (X11; Linux x86_64) AppleWeb
2026-08-20T06:54:21.306Z GET /api/contests/C0011 -> 304 auth=eyJuIjoiYWRt ua=Mozilla/5.0 (X11; Linux x86_64) AppleWeb
2026-08-20T06:54:21.310Z GET /api/contests/C0011/rank -> 304 auth=eyJuIjoiYWRt ua=Mozilla/5.0 (X11; Linux x86_64) AppleWeb
2026-08-20T06:54:23.727Z GET /api/contests/C0011 -> 304 auth=eyJuIjoiYWRt ua=Mozilla/5.0 (X11; Linux x86_64) AppleWeb
2026-08-20T06:54:23.730Z GET /api/contests/C0011/rank -> 304 auth=eyJuIjoiYWRt ua=Mozilla/5.0 (X11; Linux x86_64) AppleWeb
2026-08-20T06:54:26.306Z GET /api/contests/C0011 -> 304 auth=eyJuIjoiYWRt ua=Mozilla/5.0 (X11; Linux x86_64) AppleWeb
2026-08-20T06:54:26.310Z GET /api/contests/C0011/rank -> 304 auth=eyJuIjoiYWRt ua=Mozilla/5.0 (X11; Linux x86_64) AppleWeb
2026-08-20T06:54:28.723Z GET /api/contests/C0011 -> 304 auth=eyJuIjoiYWRt ua=Mozilla/5.0 (X11; Linux x86_64) AppleWeb
2026-08-20T06:54:28.728Z GET /api/contests/C0011/rank -> 304 auth=eyJuIjoiYWRt ua=Mozilla/5.0 (X11; Linux x86_64) AppleWeb
2026-08-20T06:54:31.306Z GET /api/contests/C0011 -> 304 auth=eyJuIjoiYWRt ua=Mozilla/5.0 (X11; Linux x86_64) AppleWeb
2026-08-20T06:54:31.310Z GET /api/contests/C0011/rank -> 304 auth=eyJuIjoiYWRt ua=Mozilla/5.0 (X11; Linux x86_64) AppleWeb
2026-08-20T06:54:33.723Z GET /api/contests/C0011 -> 304 auth=eyJuIjoiYWRt ua=Mozilla/5.0 (X11; Linux x86_64) AppleWeb
2026-08-20T06:54:33.727Z GET /api/contests/C0011/rank -> 304 auth=eyJuIjoiYWRt ua=Mozilla/5.0 (X11; Linux x86_64) AppleWeb
2026-08-20T06:54:36.306Z GET /api/contests/C0011 -> 304 auth=eyJuIjoiYWRt ua=Mozilla/5.0 (X11; Linux x86_64) AppleWeb
2026-08-20T06:54:36.310Z GET /api/contests/C0011/rank -> 304 auth=eyJuIjoiYWRt ua=Mozilla/5.0 (X11; Linux x86_64) AppleWeb
2026-08-20T06:54:38.723Z GET /api/contests/C0011 -> 304 auth=eyJuIjoiYWRt ua=Mozilla/5.0 (X11; Linux x86_64) AppleWeb
2026-08-20T06:54:38.727Z GET /api/contests/C0011/rank -> 304 auth=eyJuIjoiYWRt ua=Mozilla/5.0 (X11; Linux x86_64) AppleWeb
2026-08-20T06:54:41.306Z GET /api/contests/C0011 -> 304 auth=eyJuIjoiYWRt ua=Mozilla/5.0 (X11; Linux x86_64) AppleWeb
2026-08-20T06:54:41.310Z GET /api/contests/C0011/rank -> 304 auth=eyJuIjoiYWRt ua=Mozilla/5.0 (X11; Linux x86_64) AppleWeb
2026-08-20T06:54:43.723Z GET /api/contests/C0011 -> 304 auth=eyJuIjoiYWRt ua=Mozilla/5.0 (X11; Linux x86_64) AppleWeb
2026-08-20T06:54:43.727Z GET /api/contests/C0011/rank -> 304 auth=eyJuIjoiYWRt ua=Mozilla/5.0 (X11; Linux x86_64) AppleWeb
2026-08-20T06:54:46.307Z GET /api/contests/C0011 -> 304 auth=eyJuIjoiYWRt ua=Mozilla/5.0 (X11; Linux x86_64) AppleWeb
2026-08-20T06:54:46.313Z GET /api/contests/C0011/rank -> 304 auth=eyJuIjoiYWRt ua=Mozilla/5.0 (X11; Linux x86_64) AppleWeb
2026-08-20T06:54:48.723Z GET /api/contests/C0011 -> 304 auth=eyJuIjoiYWRt ua=Mozilla/5.0 (X11; Linux x86_64) AppleWeb
2026-08-20T06:54:48.727Z GET /api/contests/C0011/rank -> 304 auth=eyJuIjoiYWRt ua=Mozilla/5.0 (X11; Linux x86_64) AppleWeb
2026-08-20T06:54:51.307Z GET /api/contests/C0011 -> 304 auth=eyJuIjoiYWRt ua=Mozilla/5.0 (X11; Linux x86_64) AppleWeb
2026-08-20T06:54:51.310Z GET /api/contests/C0011/rank -> 304 auth=eyJuIjoiYWRt ua=Mozilla/5.0 (X11; Linux x86_64) AppleWeb
2026-08-20T06:54:53.724Z GET /api/contests/C0011 -> 304 auth=eyJuIjoiYWRt ua=Mozilla/5.0 (X11; Linux x86_64) AppleWeb
2026-08-20T06:54:53.727Z GET /api/contests/C0011/rank -> 304 auth=eyJuIjoiYWRt ua=Mozilla/5.0 (X11; Linux x86_64) AppleWeb
2026-08-20T06:54:56.306Z GET /api/contests/C0011 -> 304 auth=eyJuIjoiYWRt ua=Mozilla/5.0 (X11; Linux x86_64) AppleWeb
2026-08-20T06:54:56.311Z GET /api/contests/C0011/rank -> 304 auth=eyJuIjoiYWRt ua=Mozilla/5.0 (X11; Linux x86_64) AppleWeb
2026-08-20T06:54:58.723Z GET /api/contests/C0011 -> 304 auth=eyJuIjoiYWRt ua=Mozilla/5.0 (X11; Linux x86_64) AppleWeb
2026-08-20T06:54:58.727Z GET /api/contests/C0011/rank -> 304 auth=eyJuIjoiYWRt ua=Mozilla/5.0 (X11; Linux x86_64) AppleWeb
2026-08-20T06:55:01.306Z GET /api/contests/C0011 -> 304 auth=eyJuIjoiYWRt ua=Mozilla/5.0 (X11; Linux x86_64) AppleWeb
2026-08-20T06:55:01.310Z GET /api/contests/C0011/rank -> 304 auth=eyJuIjoiYWRt ua=Mozilla/5.0 (X11; Linux x86_64) AppleWeb
2026-08-20T06:55:03.723Z GET /api/contests/C0011 -> 304 auth=eyJuIjoiYWRt ua=Mozilla/5.0 (X11; Linux x86_64) AppleWeb
2026-08-20T06:55:03.727Z GET /api/contests/C0011/rank -> 304 auth=eyJuIjoiYWRt ua=Mozilla/5.0 (X11; Linux x86_64) AppleWeb
2026-08-20T06:55:06.306Z GET /api/contests/C0011 -> 304 auth=eyJuIjoiYWRt ua=Mozilla/5.0 (X11; Linux x86_64) AppleWeb
2026-08-20T06:55:06.311Z GET /api/contests/C0011/rank -> 304 auth=eyJuIjoiYWRt ua=Mozilla/5.0 (X11; Linux x86_64) AppleWeb
2026-08-20T06:55:08.723Z GET /api/contests/C0011 -> 304 auth=eyJuIjoiYWRt ua=Mozilla/5.0 (X11; Linux x86_64) AppleWeb
2026-08-20T06:55:08.727Z GET /api/contests/C0011/rank -> 304 auth=eyJuIjoiYWRt ua=Mozilla/5.0 (X11; Linux x86_64) AppleWeb
2026-08-20T06:55:11.306Z GET /api/contests/C0011 -> 304 auth=eyJuIjoiYWRt ua=Mozilla/5.0 (X11; Linux x86_64) AppleWeb
2026-08-20T06:55:11.309Z GET /api/contests/C0011/rank -> 304 auth=eyJuIjoiYWRt ua=Mozilla/5.0 (X11; Linux x86_64) AppleWeb
2026-08-20T06:55:13.723Z GET /api/contests/C0011 -> 304 auth=eyJuIjoiYWRt ua=Mozilla/5.0 (X11; Linux x86_64) AppleWeb
2026-08-20T06:55:13.728Z GET /api/contests/C0011/rank -> 304 auth=eyJuIjoiYWRt ua=Mozilla/5.0 (X11; Linux x86_64) AppleWeb
2026-08-20T06:55:16.306Z GET /api/contests/C0011 -> 304 auth=eyJuIjoiYWRt ua=Mozilla/5.0 (X11; Linux x86_64) AppleWeb
2026-08-20T06:55:16.310Z GET /api/contests/C0011/rank -> 304 auth=eyJuIjoiYWRt ua=Mozilla/5.0 (X11; Linux x86_64) AppleWeb
2026-08-20T06:55:18.723Z GET /api/contests/C0011 -> 304 auth=eyJuIjoiYWRt ua=Mozilla/5.0 (X11; Linux x86_64) AppleWeb
2026-08-20T06:55:18.727Z GET /api/contests/C0011/rank -> 304 auth=eyJuIjoiYWRt ua=Mozilla/5.0 (X11; Linux x86_64) AppleWeb
2026-08-20T06:55:21.306Z GET /api/contests/C0011 -> 304 auth=eyJuIjoiYWRt ua=Mozilla/5.0 (X11; Linux x86_64) AppleWeb
2026-08-20T06:55:21.310Z GET /api/contests/C0011/rank -> 304 auth=eyJuIjoiYWRt ua=Mozilla/5.0 (X11; Linux x86_64) AppleWeb
2026-08-20T06:55:23.723Z GET /api/contests/C0011 -> 304 auth=eyJuIjoiYWRt ua=Mozilla/5.0 (X11; Linux x86_64) AppleWeb
2026-08-20T06:55:23.731Z GET /api/contests/C0011/rank -> 304 auth=eyJuIjoiYWRt ua=Mozilla/5.0 (X11; Linux x86_64) AppleWeb
2026-08-20T06:55:26.306Z GET /api/contests/C0011 -> 304 auth=eyJuIjoiYWRt ua=Mozilla/5.0 (X11; Linux x86_64) AppleWeb
2026-08-20T06:55:26.311Z GET /api/contests/C0011/rank -> 304 auth=eyJuIjoiYWRt ua=Mozilla/5.0 (X11; Linux x86_64) AppleWeb
2026-08-20T06:55:28.723Z GET /api/contests/C0011 -> 304 auth=eyJuIjoiYWRt ua=Mozilla/5.0 (X11; Linux x86_64) AppleWeb
2026-08-20T06:55:28.727Z GET /api/contests/C0011/rank -> 304 auth=eyJuIjoiYWRt ua=Mozilla/5.0 (X11; Linux x86_64) AppleWeb
2026-08-20T06:55:31.306Z GET /api/contests/C0011 -> 304 auth=eyJuIjoiYWRt ua=Mozilla/5.0 (X11; Linux x86_64) AppleWeb
2026-08-20T06:55:31.310Z GET /api/contests/C0011/rank -> 304 auth=eyJuIjoiYWRt ua=Mozilla/5.0 (X11; Linux x86_64) AppleWeb
2026-08-20T06:55:33.723Z GET /api/contests/C0011 -> 304 auth=eyJuIjoiYWRt ua=Mozilla/5.0 (X11; Linux x86_64) AppleWeb
2026-08-20T06:55:33.727Z GET /api/contests/C0011/rank -> 304 auth=eyJuIjoiYWRt ua=Mozilla/5.0 (X11; Linux x86_64) AppleWeb
2026-08-20T06:55:36.307Z GET /api/contests/C0011 -> 304 auth=eyJuIjoiYWRt ua=Mozilla/5.0 (X11; Linux x86_64) AppleWeb
2026-08-20T06:55:36.311Z GET /api/contests/C0011/rank -> 304 auth=eyJuIjoiYWRt ua=Mozilla/5.0 (X11; Linux x86_64) AppleWeb
2026-08-20T06:55:38.723Z GET /api/contests/C0011 -> 304 auth=eyJuIjoiYWRt ua=Mozilla/5.0 (X11; Linux x86_64) AppleWeb
2026-08-20T06:55:38.728Z GET /api/contests/C0011/rank -> 304 auth=eyJuIjoiYWRt ua=Mozilla/5.0 (X11; Linux x86_64) AppleWeb
2026-08-20T06:55:41.307Z GET /api/contests/C0011 -> 304 auth=eyJuIjoiYWRt ua=Mozilla/5.0 (X11; Linux x86_64) AppleWeb
2026-08-20T06:55:41.312Z GET /api/contests/C0011/rank -> 304 auth=eyJuIjoiYWRt ua=Mozilla/5.0 (X11; Linux x86_64) AppleWeb
2026-08-20T06:55:43.724Z GET /api/contests/C0011 -> 304 auth=eyJuIjoiYWRt ua=Mozilla/5.0 (X11; Linux x86_64) AppleWeb
2026-08-20T06:55:43.727Z GET /api/contests/C0011/rank -> 304 auth=eyJuIjoiYWRt ua=Mozilla/5.0 (X11; Linux x86_64) AppleWeb
2026-08-20T06:55:46.306Z GET /api/contests/C0011 -> 304 auth=eyJuIjoiYWRt ua=Mozilla/5.0 (X11; Linux x86_64) AppleWeb
2026-08-20T06:55:46.310Z GET /api/contests/C0011/rank -> 304 auth=eyJuIjoiYWRt ua=Mozilla/5.0 (X11; Linux x86_64) AppleWeb
2026-08-20T06:55:48.723Z GET /api/contests/C0011 -> 304 auth=eyJuIjoiYWRt ua=Mozilla/5.0 (X11; Linux x86_64) AppleWeb
2026-08-20T06:55:48.730Z GET /api/contests/C0011/rank -> 304 auth=eyJuIjoiYWRt ua=Mozilla/5.0 (X11; Linux x86_64) AppleWeb
2026-08-20T06:55:51.307Z GET /api/contests/C0011 -> 304 auth=eyJuIjoiYWRt ua=Mozilla/5.0 (X11; Linux x86_64) AppleWeb
2026-08-20T06:55:51.311Z GET /api/contests/C0011/rank -> 304 auth=eyJuIjoiYWRt ua=Mozilla/5.0 (X11; Linux x86_64) AppleWeb
2026-08-20T06:55:53.723Z GET /api/contests/C0011 -> 304 auth=eyJuIjoiYWRt ua=Mozilla/5.0 (X11; Linux x86_64) AppleWeb
2026-08-20T06:55:53.727Z GET /api/contests/C0011/rank -> 304 auth=eyJuIjoiYWRt ua=Mozilla/5.0 (X11; Linux x86_64) AppleWeb
2026-08-20T06:55:56.306Z GET /api/contests/C0011 -> 304 auth=eyJuIjoiYWRt ua=Mozilla/5.0 (X11; Linux x86_64) AppleWeb
2026-08-20T06:55:56.310Z GET /api/contests/C0011/rank -> 304 auth=eyJuIjoiYWRt ua=Mozilla/5.0 (X11; Linux x86_64) AppleWeb
2026-08-20T06:55:58.723Z GET /api/contests/C0011 -> 304 auth=eyJuIjoiYWRt ua=Mozilla/5.0 (X11; Linux x86_64) AppleWeb
2026-08-20T06:55:58.727Z GET /api/contests/C0011/rank -> 304 auth=eyJuIjoiYWRt ua=Mozilla/5.0 (X11; Linux x86_64) AppleWeb
2026-08-20T06:56:01.307Z GET /api/contests/C0011 -> 304 auth=eyJuIjoiYWRt ua=Mozilla/5.0 (X11; Linux x86_64) AppleWeb
2026-08-20T06:56:01.310Z GET /api/contests/C0011/rank -> 304 auth=eyJuIjoiYWRt ua=Mozilla/5.0 (X11; Linux x86_64) AppleWeb
2026-08-20T06:56:03.723Z GET /api/contests/C0011 -> 304 auth=eyJuIjoiYWRt ua=Mozilla/5.0 (X11; Linux x86_64) AppleWeb
2026-08-20T06:56:03.728Z GET /api/contests/C0011/rank -> 304 auth=eyJuIjoiYWRt ua=Mozilla/5.0 (X11; Linux x86_64) AppleWeb
2026-08-20T06:56:06.306Z GET /api/contests/C0011 -> 304 auth=eyJuIjoiYWRt ua=Mozilla/5.0 (X11; Linux x86_64) AppleWeb
2026-08-20T06:56:06.310Z GET /api/contests/C0011/rank -> 304 auth=eyJuIjoiYWRt ua=Mozilla/5.0 (X11; Linux x86_64) AppleWeb
2026-08-20T06:56:08.723Z GET /api/contests/C0011 -> 304 auth=eyJuIjoiYWRt ua=Mozilla/5.0 (X11; Linux x86_64) AppleWeb
2026-08-20T06:56:08.727Z GET /api/contests/C0011/rank -> 304 auth=eyJuIjoiYWRt ua=Mozilla/5.0 (X11; Linux x86_64) AppleWeb
2026-08-20T06:56:11.313Z GET /api/contests/C0011 -> 304 auth=eyJuIjoiYWRt ua=Mozilla/5.0 (X11; Linux x86_64) AppleWeb
2026-08-20T06:56:11.316Z GET /api/contests/C0011/rank -> 304 auth=eyJuIjoiYWRt ua=Mozilla/5.0 (X11; Linux x86_64) AppleWeb
2026-08-20T06:56:13.724Z GET /api/contests/C0011 -> 304 auth=eyJuIjoiYWRt ua=Mozilla/5.0 (X11; Linux x86_64) AppleWeb
2026-08-20T06:56:13.730Z GET /api/contests/C0011/rank -> 304 auth=eyJuIjoiYWRt ua=Mozilla/5.0 (X11; Linux x86_64) AppleWeb
2026-08-20T06:56:16.306Z GET /api/contests/C0011 -> 304 auth=eyJuIjoiYWRt ua=Mozilla/5.0 (X11; Linux x86_64) AppleWeb
2026-08-20T06:56:16.310Z GET /api/contests/C0011/rank -> 304 auth=eyJuIjoiYWRt ua=Mozilla/5.0 (X11; Linux x86_64) AppleWeb
2026-08-20T06:56:18.723Z GET /api/contests/C0011 -> 304 auth=eyJuIjoiYWRt ua=Mozilla/5.0 (X11; Linux x86_64) AppleWeb
2026-08-20T06:56:18.727Z GET /api/contests/C0011/rank -> 304 auth=eyJuIjoiYWRt ua=Mozilla/5.0 (X11; Linux x86_64) AppleWeb
2026-08-20T06:56:21.306Z GET /api/contests/C0011 -> 304 auth=eyJuIjoiYWRt ua=Mozilla/5.0 (X11; Linux x86_64) AppleWeb
2026-08-20T06:56:21.310Z GET /api/contests/C0011/rank -> 304 auth=eyJuIjoiYWRt ua=Mozilla/5.0 (X11; Linux x86_64) AppleWeb
2026-08-20T06:56:23.724Z GET /api/contests/C0011 -> 304 auth=eyJuIjoiYWRt ua=Mozilla/5.0 (X11; Linux x86_64) AppleWeb
2026-08-20T06:56:23.728Z GET /api/contests/C0011/rank -> 304 auth=eyJuIjoiYWRt ua=Mozilla/5.0 (X11; Linux x86_64) AppleWeb
2026-08-20T06:56:26.306Z GET /api/contests/C0011 -> 304 auth=eyJuIjoiYWRt ua=Mozilla/5.0 (X11; Linux x86_64) AppleWeb
2026-08-20T06:56:26.311Z GET /api/contests/C0011/rank -> 304 auth=eyJuIjoiYWRt ua=Mozilla/5.0 (X11; Linux x86_64) AppleWeb
2026-08-20T06:56:28.723Z GET /api/contests/C0011 -> 304 auth=eyJuIjoiYWRt ua=Mozilla/5.0 (X11; Linux x86_64) AppleWeb
2026-08-20T06:56:28.729Z GET /api/contests/C0011/rank -> 304 auth=eyJuIjoiYWRt ua=Mozilla/5.0 (X11; Linux x86_64) AppleWeb
2026-08-20T06:56:31.307Z GET /api/contests/C0011 -> 304 auth=eyJuIjoiYWRt ua=Mozilla/5.0 (X11; Linux x86_64) AppleWeb
2026-08-20T06:56:31.310Z GET /api/contests/C0011/rank -> 304 auth=eyJuIjoiYWRt ua=Mozilla/5.0 (X11; Linux x86_64) AppleWeb
2026-08-20T06:56:33.723Z GET /api/contests/C0011 -> 304 auth=eyJuIjoiYWRt ua=Mozilla/5.0 (X11; Linux x86_64) AppleWeb
2026-08-20T06:56:33.730Z GET /api/contests/C0011/rank -> 304 auth=eyJuIjoiYWRt ua=Mozilla/5.0 (X11; Linux x86_64) AppleWeb
2026-08-20T06:56:36.306Z GET /api/contests/C0011 -> 304 auth=eyJuIjoiYWRt ua=Mozilla/5.0 (X11; Linux x86_64) AppleWeb
2026-08-20T06:56:36.310Z GET /api/contests/C0011/rank -> 304 auth=eyJuIjoiYWRt ua=Mozilla/5.0 (X11; Linux x86_64) AppleWeb
2026-08-20T06:56:38.723Z GET /api/contests/C0011 -> 304 auth=eyJuIjoiYWRt ua=Mozilla/5.0 (X11; Linux x86_64) AppleWeb
2026-08-20T06:56:38.730Z GET /api/contests/C0011/rank -> 304 auth=eyJuIjoiYWRt ua=Mozilla/5.0 (X11; Linux x86_64) AppleWeb
2026-08-20T06:56:41.306Z GET /api/contests/C0011 -> 304 auth=eyJuIjoiYWRt ua=Mozilla/5.0 (X11; Linux x86_64) AppleWeb
2026-08-20T06:56:41.310Z GET /api/contests/C0011/rank -> 304 auth=eyJuIjoiYWRt ua=Mozilla/5.0 (X11; Linux x86_64) AppleWeb
2026-08-20T06:56:43.724Z GET /api/contests/C0011 -> 304 auth=eyJuIjoiYWRt ua=Mozilla/5.0 (X11; Linux x86_64) AppleWeb
2026-08-20T06:56:43.730Z GET /api/contests/C0011/rank -> 304 auth=eyJuIjoiYWRt ua=Mozilla/5.0 (X11; Linux x86_64) AppleWeb
2026-08-20T06:56:46.306Z GET /api/contests/C0011 -> 304 auth=eyJuIjoiYWRt ua=Mozilla/5.0 (X11; Linux x86_64) AppleWeb
2026-08-20T06:56:46.310Z GET /api/contests/C0011/rank -> 304 auth=eyJuIjoiYWRt ua=Mozilla/5.0 (X11; Linux x86_64) AppleWeb
2026-08-20T06:56:48.724Z GET /api/contests/C0011 -> 304 auth=eyJuIjoiYWRt ua=Mozilla/5.0 (X11; Linux x86_64) AppleWeb
2026-08-20T06:56:48.731Z GET /api/contests/C0011/rank -> 304 auth=eyJuIjoiYWRt ua=Mozilla/5.0 (X11; Linux x86_64) AppleWeb
2026-08-20T06:56:51.307Z GET /api/contests/C0011 -> 304 auth=eyJuIjoiYWRt ua=Mozilla/5.0 (X11; Linux x86_64) AppleWeb
2026-08-20T06:56:51.311Z GET /api/contests/C0011/rank -> 304 auth=eyJuIjoiYWRt ua=Mozilla/5.0 (X11; Linux x86_64) AppleWeb
2026-08-20T06:56:53.724Z GET /api/contests/C0011 -> 304 auth=eyJuIjoiYWRt ua=Mozilla/5.0 (X11; Linux x86_64) AppleWeb
2026-08-20T06:56:53.732Z GET /api/contests/C0011/rank -> 304 auth=eyJuIjoiYWRt ua=Mozilla/5.0 (X11; Linux x86_64) AppleWeb
2026-08-20T06:56:56.306Z GET /api/contests/C0011 -> 304 auth=eyJuIjoiYWRt ua=Mozilla/5.0 (X11; Linux x86_64) AppleWeb
2026-08-20T06:56:56.309Z GET /api/contests/C0011/rank -> 304 auth=eyJuIjoiYWRt ua=Mozilla/5.0 (X11; Linux x86_64) AppleWeb
2026-08-20T06:56:58.724Z GET /api/contests/C0011 -> 304 auth=eyJuIjoiYWRt ua=Mozilla/5.0 (X11; Linux x86_64) AppleWeb
2026-08-20T06:56:58.727Z GET /api/contests/C0011/rank -> 304 auth=eyJuIjoiYWRt ua=Mozilla/5.0 (X11; Linux x86_64) AppleWeb
2026-08-20T06:57:01.307Z GET /api/contests/C0011 -> 304 auth=eyJuIjoiYWRt ua=Mozilla/5.0 (X11; Linux x86_64) AppleWeb
2026-08-20T06:57:01.311Z GET /api/contests/C0011/rank -> 304 auth=eyJuIjoiYWRt ua=Mozilla/5.0 (X11; Linux x86_64) AppleWeb
2026-08-20T06:57:03.731Z GET /api/contests/C0011 -> 304 auth=eyJuIjoiYWRt ua=Mozilla/5.0 (X11; Linux x86_64) AppleWeb
2026-08-20T06:57:03.738Z GET /api/contests/C0011/rank -> 304 auth=eyJuIjoiYWRt ua=Mozilla/5.0 (X11; Linux x86_64) AppleWeb
2026-08-20T06:57:06.307Z GET /api/contests/C0011 -> 304 auth=eyJuIjoiYWRt ua=Mozilla/5.0 (X11; Linux x86_64) AppleWeb
2026-08-20T06:57:06.310Z GET /api/contests/C0011/rank -> 304 auth=eyJuIjoiYWRt ua=Mozilla/5.0 (X11; Linux x86_64) AppleWeb
2026-08-20T06:57:08.724Z GET /api/contests/C0011 -> 304 auth=eyJuIjoiYWRt ua=Mozilla/5.0 (X11; Linux x86_64) AppleWeb
2026-08-20T06:57:08.727Z GET /api/contests/C0011/rank -> 304 auth=eyJuIjoiYWRt ua=Mozilla/5.0 (X11; Linux x86_64) AppleWeb
2026-08-20T06:57:11.306Z GET /api/contests/C0011 -> 304 auth=eyJuIjoiYWRt ua=Mozilla/5.0 (X11; Linux x86_64) AppleWeb
2026-08-20T06:57:11.316Z GET /api/contests/C0011/rank -> 304 auth=eyJuIjoiYWRt ua=Mozilla/5.0 (X11; Linux x86_64) AppleWeb
2026-08-20T06:57:13.723Z GET /api/contests/C0011 -> 304 auth=eyJuIjoiYWRt ua=Mozilla/5.0 (X11; Linux x86_64) AppleWeb
2026-08-20T06:57:13.727Z GET /api/contests/C0011/rank -> 304 auth=eyJuIjoiYWRt ua=Mozilla/5.0 (X11; Linux x86_64) AppleWeb
2026-08-20T06:57:16.306Z GET /api/contests/C0011 -> 304 auth=eyJuIjoiYWRt ua=Mozilla/5.0 (X11; Linux x86_64) AppleWeb
2026-08-20T06:57:16.310Z GET /api/contests/C0011/rank -> 304 auth=eyJuIjoiYWRt ua=Mozilla/5.0 (X11; Linux x86_64) AppleWeb
2026-08-20T06:57:18.723Z GET /api/contests/C0011 -> 304 auth=eyJuIjoiYWRt ua=Mozilla/5.0 (X11; Linux x86_64) AppleWeb
2026-08-20T06:57:18.727Z GET /api/contests/C0011/rank -> 304 auth=eyJuIjoiYWRt ua=Mozilla/5.0 (X11; Linux x86_64) AppleWeb
2026-08-20T06:57:21.306Z GET /api/contests/C0011 -> 304 auth=eyJuIjoiYWRt ua=Mozilla/5.0 (X11; Linux x86_64) AppleWeb
2026-08-20T06:57:21.310Z GET /api/contests/C0011/rank -> 304 auth=eyJuIjoiYWRt ua=Mozilla/5.0 (X11; Linux x86_64) AppleWeb
2026-08-20T06:57:23.723Z GET /api/contests/C0011 -> 304 auth=eyJuIjoiYWRt ua=Mozilla/5.0 (X11; Linux x86_64) AppleWeb
2026-08-20T06:57:23.727Z GET /api/contests/C0011/rank -> 304 auth=eyJuIjoiYWRt ua=Mozilla/5.0 (X11; Linux x86_64) AppleWeb
2026-08-20T06:57:26.307Z GET /api/contests/C0011 -> 304 auth=eyJuIjoiYWRt ua=Mozilla/5.0 (X11; Linux x86_64) AppleWeb
2026-08-20T06:57:26.310Z GET /api/contests/C0011/rank -> 304 auth=eyJuIjoiYWRt ua=Mozilla/5.0 (X11; Linux x86_64) AppleWeb
2026-08-20T06:57:28.723Z GET /api/contests/C0011 -> 304 auth=eyJuIjoiYWRt ua=Mozilla/5.0 (X11; Linux x86_64) AppleWeb
2026-08-20T06:57:28.727Z GET /api/contests/C0011/rank -> 304 auth=eyJuIjoiYWRt ua=Mozilla/5.0 (X11; Linux x86_64) AppleWeb
2026-08-20T06:57:31.306Z GET /api/contests/C0011 -> 304 auth=eyJuIjoiYWRt ua=Mozilla/5.0 (X11; Linux x86_64) AppleWeb
2026-08-20T06:57:31.309Z GET /api/contests/C0011/rank -> 304 auth=eyJuIjoiYWRt ua=Mozilla/5.0 (X11; Linux x86_64) AppleWeb
2026-08-20T06:57:33.723Z GET /api/contests/C0011 -> 304 auth=eyJuIjoiYWRt ua=Mozilla/5.0 (X11; Linux x86_64) AppleWeb
2026-08-20T06:57:33.727Z GET /api/contests/C0011/rank -> 304 auth=eyJuIjoiYWRt ua=Mozilla/5.0 (X11; Linux x86_64) AppleWeb
2026-08-20T06:57:36.306Z GET /api/contests/C0011 -> 304 auth=eyJuIjoiYWRt ua=Mozilla/5.0 (X11; Linux x86_64) AppleWeb
2026-08-20T06:57:36.311Z GET /api/contests/C0011/rank -> 304 auth=eyJuIjoiYWRt ua=Mozilla/5.0 (X11; Linux x86_64) AppleWeb
2026-08-20T06:57:38.723Z GET /api/contests/C0011 -> 304 auth=eyJuIjoiYWRt ua=Mozilla/5.0 (X11; Linux x86_64) AppleWeb
2026-08-20T06:57:38.727Z GET /api/contests/C0011/rank -> 304 auth=eyJuIjoiYWRt ua=Mozilla/5.0 (X11; Linux x86_64) AppleWeb
2026-08-20T06:57:41.307Z GET /api/contests/C0011 -> 304 auth=eyJuIjoiYWRt ua=Mozilla/5.0 (X11; Linux x86_64) AppleWeb
2026-08-20T06:57:41.311Z GET /api/contests/C0011/rank -> 304 auth=eyJuIjoiYWRt ua=Mozilla/5.0 (X11; Linux x86_64) AppleWeb
2026-08-20T06:57:43.723Z GET /api/contests/C0011 -> 304 auth=eyJuIjoiYWRt ua=Mozilla/5.0 (X11; Linux x86_64) AppleWeb
2026-08-20T06:57:43.731Z GET /api/contests/C0011/rank -> 304 auth=eyJuIjoiYWRt ua=Mozilla/5.0 (X11; Linux x86_64) AppleWeb
2026-08-20T06:57:46.307Z GET /api/contests/C0011 -> 304 auth=eyJuIjoiYWRt ua=Mozilla/5.0 (X11; Linux x86_64) AppleWeb
2026-08-20T06:57:46.312Z GET /api/contests/C0011/rank -> 304 auth=eyJuIjoiYWRt ua=Mozilla/5.0 (X11; Linux x86_64) AppleWeb
2026-08-20T06:57:48.724Z GET /api/contests/C0011 -> 304 auth=eyJuIjoiYWRt ua=Mozilla/5.0 (X11; Linux x86_64) AppleWeb
2026-08-20T06:57:48.735Z GET /api/contests/C0011/rank -> 304 auth=eyJuIjoiYWRt ua=Mozilla/5.0 (X11; Linux x86_64) AppleWeb
2026-08-20T06:57:51.307Z GET /api/contests/C0011 -> 304 auth=eyJuIjoiYWRt ua=Mozilla/5.0 (X11; Linux x86_64) AppleWeb
2026-08-20T06:57:51.310Z GET /api/contests/C0011/rank -> 304 auth=eyJuIjoiYWRt ua=Mozilla/5.0 (X11; Linux x86_64) AppleWeb
2026-08-20T06:57:53.724Z GET /api/contests/C0011 -> 304 auth=eyJuIjoiYWRt ua=Mozilla/5.0 (X11; Linux x86_64) AppleWeb
2026-08-20T06:57:53.729Z GET /api/contests/C0011/rank -> 304 auth=eyJuIjoiYWRt ua=Mozilla/5.0 (X11; Linux x86_64) AppleWeb
2026-08-20T06:57:56.306Z GET /api/contests/C0011 -> 304 auth=eyJuIjoiYWRt ua=Mozilla/5.0 (X11; Linux x86_64) AppleWeb
2026-08-20T06:57:56.311Z GET /api/contests/C0011/rank -> 304 auth=eyJuIjoiYWRt ua=Mozilla/5.0 (X11; Linux x86_64) AppleWeb
2026-08-20T06:57:58.724Z GET /api/contests/C0011 -> 304 auth=eyJuIjoiYWRt ua=Mozilla/5.0 (X11; Linux x86_64) AppleWeb
2026-08-20T06:57:58.729Z GET /api/contests/C0011/rank -> 304 auth=eyJuIjoiYWRt ua=Mozilla/5.0 (X11; Linux x86_64) AppleWeb
2026-08-20T06:58:01.307Z GET /api/contests/C0011 -> 304 auth=eyJuIjoiYWRt ua=Mozilla/5.0 (X11; Linux x86_64) AppleWeb
2026-08-20T06:58:01.311Z GET /api/contests/C0011/rank -> 304 auth=eyJuIjoiYWRt ua=Mozilla/5.0 (X11; Linux x86_64) AppleWeb
2026-08-20T06:58:03.723Z GET /api/contests/C0011 -> 304 auth=eyJuIjoiYWRt ua=Mozilla/5.0 (X11; Linux x86_64) AppleWeb
2026-08-20T06:58:03.728Z GET /api/contests/C0011/rank -> 304 auth=eyJuIjoiYWRt ua=Mozilla/5.0 (X11; Linux x86_64) AppleWeb
2026-08-20T06:58:06.307Z GET /api/contests/C0011 -> 304 auth=eyJuIjoiYWRt ua=Mozilla/5.0 (X11; Linux x86_64) AppleWeb
2026-08-20T06:58:06.312Z GET /api/contests/C0011/rank -> 304 auth=eyJuIjoiYWRt ua=Mozilla/5.0 (X11; Linux x86_64) AppleWeb
2026-08-20T06:58:08.723Z GET /api/contests/C0011 -> 304 auth=eyJuIjoiYWRt ua=Mozilla/5.0 (X11; Linux x86_64) AppleWeb
2026-08-20T06:58:08.728Z GET /api/contests/C0011/rank -> 304 auth=eyJuIjoiYWRt ua=Mozilla/5.0 (X11; Linux x86_64) AppleWeb
2026-08-20T06:58:11.307Z GET /api/contests/C0011 -> 304 auth=eyJuIjoiYWRt ua=Mozilla/5.0 (X11; Linux x86_64) AppleWeb
2026-08-20T06:58:11.312Z GET /api/contests/C0011/rank -> 304 auth=eyJuIjoiYWRt ua=Mozilla/5.0 (X11; Linux x86_64) AppleWeb
2026-08-20T06:58:13.723Z GET /api/contests/C0011 -> 304 auth=eyJuIjoiYWRt ua=Mozilla/5.0 (X11; Linux x86_64) AppleWeb
2026-08-20T06:58:13.728Z GET /api/contests/C0011/rank -> 304 auth=eyJuIjoiYWRt ua=Mozilla/5.0 (X11; Linux x86_64) AppleWeb
2026-08-20T06:58:16.307Z GET /api/contests/C0011 -> 304 auth=eyJuIjoiYWRt ua=Mozilla/5.0 (X11; Linux x86_64) AppleWeb
2026-08-20T06:58:16.311Z GET /api/contests/C0011/rank -> 304 auth=eyJuIjoiYWRt ua=Mozilla/5.0 (X11; Linux x86_64) AppleWeb
2026-08-20T06:58:18.723Z GET /api/contests/C0011 -> 304 auth=eyJuIjoiYWRt ua=Mozilla/5.0 (X11; Linux x86_64) AppleWeb
2026-08-20T06:58:18.729Z GET /api/contests/C0011/rank -> 304 auth=eyJuIjoiYWRt ua=Mozilla/5.0 (X11; Linux x86_64) AppleWeb
2026-08-20T06:58:21.306Z GET /api/contests/C0011 -> 304 auth=eyJuIjoiYWRt ua=Mozilla/5.0 (X11; Linux x86_64) AppleWeb
2026-08-20T06:58:21.311Z GET /api/contests/C0011/rank -> 304 auth=eyJuIjoiYWRt ua=Mozilla/5.0 (X11; Linux x86_64) AppleWeb
2026-08-20T06:58:23.723Z GET /api/contests/C0011 -> 304 auth=eyJuIjoiYWRt ua=Mozilla/5.0 (X11; Linux x86_64) AppleWeb
2026-08-20T06:58:23.729Z GET /api/contests/C0011/rank -> 304 auth=eyJuIjoiYWRt ua=Mozilla/5.0 (X11; Linux x86_64) AppleWeb
2026-08-20T06:58:26.307Z GET /api/contests/C0011 -> 304 auth=eyJuIjoiYWRt ua=Mozilla/5.0 (X11; Linux x86_64) AppleWeb
2026-08-20T06:58:26.312Z GET /api/contests/C0011/rank -> 304 auth=eyJuIjoiYWRt ua=Mozilla/5.0 (X11; Linux x86_64) AppleWeb
2026-08-20T06:58:28.724Z GET /api/contests/C0011 -> 304 auth=eyJuIjoiYWRt ua=Mozilla/5.0 (X11; Linux x86_64) AppleWeb
2026-08-20T06:58:28.728Z GET /api/contests/C0011/rank -> 304 auth=eyJuIjoiYWRt ua=Mozilla/5.0 (X11; Linux x86_64) AppleWeb
2026-08-20T06:58:31.306Z GET /api/contests/C0011 -> 304 auth=eyJuIjoiYWRt ua=Mozilla/5.0 (X11; Linux x86_64) AppleWeb
2026-08-20T06:58:31.311Z GET /api/contests/C0011/rank -> 304 auth=eyJuIjoiYWRt ua=Mozilla/5.0 (X11; Linux x86_64) AppleWeb
2026-08-20T06:58:33.723Z GET /api/contests/C0011 -> 304 auth=eyJuIjoiYWRt ua=Mozilla/5.0 (X11; Linux x86_64) AppleWeb
2026-08-20T06:58:33.728Z GET /api/contests/C0011/rank -> 304 auth=eyJuIjoiYWRt ua=Mozilla/5.0 (X11; Linux x86_64) AppleWeb
2026-08-20T06:58:36.306Z GET /api/contests/C0011 -> 304 auth=eyJuIjoiYWRt ua=Mozilla/5.0 (X11; Linux x86_64) AppleWeb
2026-08-20T06:58:36.311Z GET /api/contests/C0011/rank -> 304 auth=eyJuIjoiYWRt ua=Mozilla/5.0 (X11; Linux x86_64) AppleWeb
2026-08-20T06:58:38.724Z GET /api/contests/C0011 -> 304 auth=eyJuIjoiYWRt ua=Mozilla/5.0 (X11; Linux x86_64) AppleWeb
2026-08-20T06:58:38.728Z GET /api/contests/C0011/rank -> 304 auth=eyJuIjoiYWRt ua=Mozilla/5.0 (X11; Linux x86_64) AppleWeb
2026-08-20T06:58:41.307Z GET /api/contests/C0011 -> 304 auth=eyJuIjoiYWRt ua=Mozilla/5.0 (X11; Linux x86_64) AppleWeb
2026-08-20T06:58:41.311Z GET /api/contests/C0011/rank -> 304 auth=eyJuIjoiYWRt ua=Mozilla/5.0 (X11; Linux x86_64) AppleWeb
2026-08-20T06:58:43.730Z GET /api/contests/C0011 -> 304 auth=eyJuIjoiYWRt ua=Mozilla/5.0 (X11; Linux x86_64) AppleWeb
2026-08-20T06:58:43.734Z GET /api/contests/C0011/rank -> 304 auth=eyJuIjoiYWRt ua=Mozilla/5.0 (X11; Linux x86_64) AppleWeb
2026-08-20T06:58:46.307Z GET /api/contests/C0011 -> 304 auth=eyJuIjoiYWRt ua=Mozilla/5.0 (X11; Linux x86_64) AppleWeb
2026-08-20T06:58:46.311Z GET /api/contests/C0011/rank -> 304 auth=eyJuIjoiYWRt ua=Mozilla/5.0 (X11; Linux x86_64) AppleWeb
2026-08-20T06:58:48.724Z GET /api/contests/C0011 -> 304 auth=eyJuIjoiYWRt ua=Mozilla/5.0 (X11; Linux x86_64) AppleWeb
2026-08-20T06:58:48.736Z GET /api/contests/C0011/rank -> 304 auth=eyJuIjoiYWRt ua=Mozilla/5.0 (X11; Linux x86_64) AppleWeb
2026-08-20T06:58:51.308Z GET /api/contests/C0011 -> 304 auth=eyJuIjoiYWRt ua=Mozilla/5.0 (X11; Linux x86_64) AppleWeb
2026-08-20T06:58:51.314Z GET /api/contests/C0011/rank -> 304 auth=eyJuIjoiYWRt ua=Mozilla/5.0 (X11; Linux x86_64) AppleWeb
2026-08-20T06:58:53.728Z GET /api/contests/C0011 -> 304 auth=eyJuIjoiYWRt ua=Mozilla/5.0 (X11; Linux x86_64) AppleWeb
2026-08-20T06:58:53.755Z GET /api/contests/C0011/rank -> 304 auth=eyJuIjoiYWRt ua=Mozilla/5.0 (X11; Linux x86_64) AppleWeb
2026-08-20T06:58:56.307Z GET /api/contests/C0011 -> 304 auth=eyJuIjoiYWRt ua=Mozilla/5.0 (X11; Linux x86_64) AppleWeb
2026-08-20T06:58:56.311Z GET /api/contests/C0011/rank -> 304 auth=eyJuIjoiYWRt ua=Mozilla/5.0 (X11; Linux x86_64) AppleWeb
2026-08-20T06:58:58.724Z GET /api/contests/C0011 -> 304 auth=eyJuIjoiYWRt ua=Mozilla/5.0 (X11; Linux x86_64) AppleWeb
2026-08-20T06:58:58.729Z GET /api/contests/C0011/rank -> 304 auth=eyJuIjoiYWRt ua=Mozilla/5.0 (X11; Linux x86_64) AppleWeb
2026-08-20T06:59:01.317Z GET /api/contests/C0011 -> 304 auth=eyJuIjoiYWRt ua=Mozilla/5.0 (X11; Linux x86_64) AppleWeb
2026-08-20T06:59:01.329Z GET /api/contests/C0011/rank -> 304 auth=eyJuIjoiYWRt ua=Mozilla/5.0 (X11; Linux x86_64) AppleWeb
2026-08-20T06:59:03.727Z GET /api/contests/C0011 -> 304 auth=NONE ua=Mozilla/5.0 (X11; Linux x86_64) AppleWeb
2026-08-20T06:59:03.731Z GET /api/contests/C0011/rank -> 304 auth=NONE ua=Mozilla/5.0 (X11; Linux x86_64) AppleWeb
2026-08-20T06:59:06.306Z GET /api/contests/C0011 -> 304 auth=NONE ua=Mozilla/5.0 (X11; Linux x86_64) AppleWeb
2026-08-20T06:59:06.311Z GET /api/contests/C0011/rank -> 304 auth=NONE ua=Mozilla/5.0 (X11; Linux x86_64) AppleWeb
2026-08-20T06:59:08.723Z GET /api/contests/C0011 -> 304 auth=NONE ua=Mozilla/5.0 (X11; Linux x86_64) AppleWeb
2026-08-20T06:59:08.728Z GET /api/contests/C0011/rank -> 304 auth=NONE ua=Mozilla/5.0 (X11; Linux x86_64) AppleWeb
2026-08-20T06:59:11.307Z GET /api/contests/C0011 -> 304 auth=NONE ua=Mozilla/5.0 (X11; Linux x86_64) AppleWeb
2026-08-20T06:59:11.311Z GET /api/contests/C0011/rank -> 304 auth=NONE ua=Mozilla/5.0 (X11; Linux x86_64) AppleWeb
2026-08-20T06:59:13.724Z GET /api/contests/C0011 -> 304 auth=NONE ua=Mozilla/5.0 (X11; Linux x86_64) AppleWeb
2026-08-20T06:59:13.729Z GET /api/contests/C0011/rank -> 304 auth=NONE ua=Mozilla/5.0 (X11; Linux x86_64) AppleWeb
2026-08-20T06:59:16.307Z GET /api/contests/C0011 -> 304 auth=NONE ua=Mozilla/5.0 (X11; Linux x86_64) AppleWeb
2026-08-20T06:59:16.310Z GET /api/contests/C0011/rank -> 304 auth=NONE ua=Mozilla/5.0 (X11; Linux x86_64) AppleWeb
2026-08-20T06:59:17.915Z POST /api/auth/register -> 200 auth=NONE ua=Mozilla/5.0 (X11; Linux x86_64) AppleWeb
2026-08-20T06:59:17.972Z GET /api/submissions -> 200 auth=eyJuIjoidGVz ua=Mozilla/5.0 (X11; Linux x86_64) AppleWeb
2026-08-20T06:59:18.724Z GET /api/contests/C0011 -> 304 auth=eyJuIjoidGVz ua=Mozilla/5.0 (X11; Linux x86_64) AppleWeb
2026-08-20T06:59:18.727Z GET /api/contests/C0011/rank -> 304 auth=eyJuIjoidGVz ua=Mozilla/5.0 (X11; Linux x86_64) AppleWeb
2026-08-20T06:59:21.306Z GET /api/contests/C0011 -> 304 auth=eyJuIjoidGVz ua=Mozilla/5.0 (X11; Linux x86_64) AppleWeb
2026-08-20T06:59:21.310Z GET /api/contests/C0011/rank -> 304 auth=eyJuIjoidGVz ua=Mozilla/5.0 (X11; Linux x86_64) AppleWeb
2026-08-20T06:59:23.724Z GET /api/contests/C0011 -> 304 auth=eyJuIjoidGVz ua=Mozilla/5.0 (X11; Linux x86_64) AppleWeb
2026-08-20T06:59:23.728Z GET /api/contests/C0011/rank -> 304 auth=eyJuIjoidGVz ua=Mozilla/5.0 (X11; Linux x86_64) AppleWeb
2026-08-20T06:59:26.306Z GET /api/contests/C0011 -> 304 auth=eyJuIjoidGVz ua=Mozilla/5.0 (X11; Linux x86_64) AppleWeb
2026-08-20T06:59:26.310Z GET /api/contests/C0011/rank -> 304 auth=eyJuIjoidGVz ua=Mozilla/5.0 (X11; Linux x86_64) AppleWeb
2026-08-20T06:59:27.455Z GET /api/problems/P1001 -> 304 auth=eyJuIjoidGVz ua=Mozilla/5.0 (X11; Linux x86_64) AppleWeb
2026-08-20T06:59:27.469Z GET /api/languages -> 304 auth=eyJuIjoidGVz ua=Mozilla/5.0 (X11; Linux x86_64) AppleWeb
2026-08-20T06:59:27.478Z GET /api/submissions -> 304 auth=eyJuIjoidGVz ua=Mozilla/5.0 (X11; Linux x86_64) AppleWeb
2026-08-20T06:59:28.536Z GET /api/contests -> 304 auth=eyJuIjoidGVz ua=Mozilla/5.0 (X11; Linux x86_64) AppleWeb
2026-08-20T06:59:28.724Z GET /api/contests/C0011 -> 304 auth=eyJuIjoidGVz ua=Mozilla/5.0 (X11; Linux x86_64) AppleWeb
2026-08-20T06:59:28.730Z GET /api/contests/C0011/rank -> 304 auth=eyJuIjoidGVz ua=Mozilla/5.0 (X11; Linux x86_64) AppleWeb
2026-08-20T06:59:29.512Z GET /api/contests/C0011 -> 304 auth=eyJuIjoidGVz ua=Mozilla/5.0 (X11; Linux x86_64) AppleWeb
2026-08-20T06:59:29.532Z GET /api/contests/C0011/rank -> 304 auth=eyJuIjoidGVz ua=Mozilla/5.0 (X11; Linux x86_64) AppleWeb
2026-08-20T06:59:30.909Z GET /api/problems/P1001 -> 304 auth=eyJuIjoidGVz ua=Mozilla/5.0 (X11; Linux x86_64) AppleWeb
2026-08-20T06:59:30.924Z GET /api/languages -> 304 auth=eyJuIjoidGVz ua=Mozilla/5.0 (X11; Linux x86_64) AppleWeb
2026-08-20T06:59:30.932Z GET /api/submissions -> 304 auth=eyJuIjoidGVz ua=Mozilla/5.0 (X11; Linux x86_64) AppleWeb
2026-08-20T06:59:31.306Z GET /api/contests/C0011 -> 304 auth=eyJuIjoidGVz ua=Mozilla/5.0 (X11; Linux x86_64) AppleWeb
2026-08-20T06:59:31.311Z GET /api/contests/C0011/rank -> 304 auth=eyJuIjoidGVz ua=Mozilla/5.0 (X11; Linux x86_64) AppleWeb
2026-08-20T06:59:33.723Z GET /api/contests/C0011 -> 304 auth=eyJuIjoidGVz ua=Mozilla/5.0 (X11; Linux x86_64) AppleWeb
2026-08-20T06:59:33.727Z GET /api/contests/C0011/rank -> 304 auth=eyJuIjoidGVz ua=Mozilla/5.0 (X11; Linux x86_64) AppleWeb
2026-08-20T06:59:34.538Z GET /api/contests/C0011 -> 304 auth=eyJuIjoidGVz ua=Mozilla/5.0 (X11; Linux x86_64) AppleWeb
2026-08-20T06:59:34.549Z GET /api/contests/C0011/rank -> 304 auth=eyJuIjoidGVz ua=Mozilla/5.0 (X11; Linux x86_64) AppleWeb
2026-08-20T06:59:36.334Z GET /api/contests/C0011 -> 304 auth=eyJuIjoidGVz ua=Mozilla/5.0 (X11; Linux x86_64) AppleWeb
2026-08-20T06:59:36.340Z GET /api/contests/C0011/rank -> 304 auth=eyJuIjoidGVz ua=Mozilla/5.0 (X11; Linux x86_64) AppleWeb
2026-08-20T06:59:38.723Z GET /api/contests/C0011 -> 304 auth=eyJuIjoidGVz ua=Mozilla/5.0 (X11; Linux x86_64) AppleWeb
2026-08-20T06:59:38.728Z GET /api/contests/C0011/rank -> 304 auth=eyJuIjoidGVz ua=Mozilla/5.0 (X11; Linux x86_64) AppleWeb
2026-08-20T06:59:39.538Z GET /api/contests/C0011 -> 304 auth=eyJuIjoidGVz ua=Mozilla/5.0 (X11; Linux x86_64) AppleWeb
2026-08-20T06:59:39.542Z GET /api/contests/C0011/rank -> 304 auth=eyJuIjoidGVz ua=Mozilla/5.0 (X11; Linux x86_64) AppleWeb
2026-08-20T06:59:41.307Z GET /api/contests/C0011 -> 304 auth=eyJuIjoidGVz ua=Mozilla/5.0 (X11; Linux x86_64) AppleWeb
2026-08-20T06:59:41.310Z GET /api/contests/C0011/rank -> 304 auth=eyJuIjoidGVz ua=Mozilla/5.0 (X11; Linux x86_64) AppleWeb
2026-08-20T06:59:43.723Z GET /api/contests/C0011 -> 304 auth=eyJuIjoidGVz ua=Mozilla/5.0 (X11; Linux x86_64) AppleWeb
2026-08-20T06:59:43.727Z GET /api/contests/C0011/rank -> 304 auth=eyJuIjoidGVz ua=Mozilla/5.0 (X11; Linux x86_64) AppleWeb
2026-08-20T06:59:44.538Z GET /api/contests/C0011 -> 304 auth=eyJuIjoidGVz ua=Mozilla/5.0 (X11; Linux x86_64) AppleWeb
2026-08-20T06:59:44.542Z GET /api/contests/C0011/rank -> 304 auth=eyJuIjoidGVz ua=Mozilla/5.0 (X11; Linux x86_64) AppleWeb
2026-08-20T06:59:46.306Z GET /api/contests/C0011 -> 304 auth=eyJuIjoidGVz ua=Mozilla/5.0 (X11; Linux x86_64) AppleWeb
2026-08-20T06:59:46.310Z GET /api/contests/C0011/rank -> 304 auth=eyJuIjoidGVz ua=Mozilla/5.0 (X11; Linux x86_64) AppleWeb
2026-08-20T06:59:48.724Z GET /api/contests/C0011 -> 304 auth=eyJuIjoidGVz ua=Mozilla/5.0 (X11; Linux x86_64) AppleWeb
2026-08-20T06:59:48.728Z GET /api/contests/C0011/rank -> 304 auth=eyJuIjoidGVz ua=Mozilla/5.0 (X11; Linux x86_64) AppleWeb
2026-08-20T06:59:49.538Z GET /api/contests/C0011 -> 304 auth=eyJuIjoidGVz ua=Mozilla/5.0 (X11; Linux x86_64) AppleWeb
2026-08-20T06:59:49.542Z GET /api/contests/C0011/rank -> 304 auth=eyJuIjoidGVz ua=Mozilla/5.0 (X11; Linux x86_64) AppleWeb
2026-08-20T06:59:51.307Z GET /api/contests/C0011 -> 304 auth=eyJuIjoidGVz ua=Mozilla/5.0 (X11; Linux x86_64) AppleWeb
2026-08-20T06:59:51.312Z GET /api/contests/C0011/rank -> 304 auth=eyJuIjoidGVz ua=Mozilla/5.0 (X11; Linux x86_64) AppleWeb
2026-08-20T06:59:53.725Z GET /api/contests/C0011 -> 304 auth=eyJuIjoidGVz ua=Mozilla/5.0 (X11; Linux x86_64) AppleWeb
2026-08-20T06:59:53.730Z GET /api/contests/C0011/rank -> 304 auth=eyJuIjoidGVz ua=Mozilla/5.0 (X11; Linux x86_64) AppleWeb
2026-08-20T06:59:54.538Z GET /api/contests/C0011 -> 304 auth=eyJuIjoidGVz ua=Mozilla/5.0 (X11; Linux x86_64) AppleWeb
2026-08-20T06:59:54.543Z GET /api/contests/C0011/rank -> 304 auth=eyJuIjoidGVz ua=Mozilla/5.0 (X11; Linux x86_64) AppleWeb
2026-08-20T06:59:56.307Z GET /api/contests/C0011 -> 304 auth=eyJuIjoidGVz ua=Mozilla/5.0 (X11; Linux x86_64) AppleWeb
2026-08-20T06:59:56.311Z GET /api/contests/C0011/rank -> 304 auth=eyJuIjoidGVz ua=Mozilla/5.0 (X11; Linux x86_64) AppleWeb
2026-08-20T06:59:58.723Z GET /api/contests/C0011 -> 304 auth=eyJuIjoidGVz ua=Mozilla/5.0 (X11; Linux x86_64) AppleWeb
2026-08-20T06:59:58.727Z GET /api/contests/C0011/rank -> 304 auth=eyJuIjoidGVz ua=Mozilla/5.0 (X11; Linux x86_64) AppleWeb
2026-08-20T06:59:59.538Z GET /api/contests/C0011 -> 304 auth=eyJuIjoidGVz ua=Mozilla/5.0 (X11; Linux x86_64) AppleWeb
2026-08-20T06:59:59.543Z GET /api/contests/C0011/rank -> 304 auth=eyJuIjoidGVz ua=Mozilla/5.0 (X11; Linux x86_64) AppleWeb
2026-08-20T07:00:01.307Z GET /api/contests/C0011 -> 304 auth=eyJuIjoidGVz ua=Mozilla/5.0 (X11; Linux x86_64) AppleWeb
2026-08-20T07:00:01.312Z GET /api/contests/C0011/rank -> 304 auth=eyJuIjoidGVz ua=Mozilla/5.0 (X11; Linux x86_64) AppleWeb
2026-08-20T07:00:03.724Z GET /api/contests/C0011 -> 304 auth=eyJuIjoidGVz ua=Mozilla/5.0 (X11; Linux x86_64) AppleWeb
2026-08-20T07:00:03.728Z GET /api/contests/C0011/rank -> 304 auth=eyJuIjoidGVz ua=Mozilla/5.0 (X11; Linux x86_64) AppleWeb
2026-08-20T07:00:04.538Z GET /api/contests/C0011 -> 304 auth=eyJuIjoidGVz ua=Mozilla/5.0 (X11; Linux x86_64) AppleWeb
2026-08-20T07:00:04.542Z GET /api/contests/C0011/rank -> 304 auth=eyJuIjoidGVz ua=Mozilla/5.0 (X11; Linux x86_64) AppleWeb
2026-08-20T07:00:06.307Z GET /api/contests/C0011 -> 304 auth=eyJuIjoidGVz ua=Mozilla/5.0 (X11; Linux x86_64) AppleWeb
2026-08-20T07:00:06.311Z GET /api/contests/C0011/rank -> 304 auth=eyJuIjoidGVz ua=Mozilla/5.0 (X11; Linux x86_64) AppleWeb
2026-08-20T07:00:08.724Z GET /api/contests/C0011 -> 304 auth=eyJuIjoidGVz ua=Mozilla/5.0 (X11; Linux x86_64) AppleWeb
2026-08-20T07:00:08.728Z GET /api/contests/C0011/rank -> 304 auth=eyJuIjoidGVz ua=Mozilla/5.0 (X11; Linux x86_64) AppleWeb
2026-08-20T07:00:09.538Z GET /api/contests/C0011 -> 304 auth=eyJuIjoidGVz ua=Mozilla/5.0 (X11; Linux x86_64) AppleWeb
2026-08-20T07:00:09.543Z GET /api/contests/C0011/rank -> 304 auth=eyJuIjoidGVz ua=Mozilla/5.0 (X11; Linux x86_64) AppleWeb
2026-08-20T07:00:11.307Z GET /api/contests/C0011 -> 304 auth=eyJuIjoidGVz ua=Mozilla/5.0 (X11; Linux x86_64) AppleWeb
2026-08-20T07:00:11.311Z GET /api/contests/C0011/rank -> 304 auth=eyJuIjoidGVz ua=Mozilla/5.0 (X11; Linux x86_64) AppleWeb
2026-08-20T07:00:13.724Z GET /api/contests/C0011 -> 304 auth=eyJuIjoidGVz ua=Mozilla/5.0 (X11; Linux x86_64) AppleWeb
2026-08-20T07:00:13.728Z GET /api/contests/C0011/rank -> 304 auth=eyJuIjoidGVz ua=Mozilla/5.0 (X11; Linux x86_64) AppleWeb
2026-08-20T07:00:14.538Z GET /api/contests/C0011 -> 304 auth=eyJuIjoidGVz ua=Mozilla/5.0 (X11; Linux x86_64) AppleWeb
2026-08-20T07:00:14.542Z GET /api/contests/C0011/rank -> 304 auth=eyJuIjoidGVz ua=Mozilla/5.0 (X11; Linux x86_64) AppleWeb
2026-08-20T07:00:16.306Z GET /api/contests/C0011 -> 304 auth=eyJuIjoidGVz ua=Mozilla/5.0 (X11; Linux x86_64) AppleWeb
2026-08-20T07:00:16.310Z GET /api/contests/C0011/rank -> 304 auth=eyJuIjoidGVz ua=Mozilla/5.0 (X11; Linux x86_64) AppleWeb
2026-08-20T07:00:18.724Z GET /api/contests/C0011 -> 304 auth=eyJuIjoidGVz ua=Mozilla/5.0 (X11; Linux x86_64) AppleWeb
2026-08-20T07:00:18.728Z GET /api/contests/C0011/rank -> 304 auth=eyJuIjoidGVz ua=Mozilla/5.0 (X11; Linux x86_64) AppleWeb
2026-08-20T07:00:19.538Z GET /api/contests/C0011 -> 304 auth=eyJuIjoidGVz ua=Mozilla/5.0 (X11; Linux x86_64) AppleWeb
2026-08-20T07:00:19.542Z GET /api/contests/C0011/rank -> 304 auth=eyJuIjoidGVz ua=Mozilla/5.0 (X11; Linux x86_64) AppleWeb
2026-08-20T07:00:21.307Z GET /api/contests/C0011 -> 304 auth=eyJuIjoidGVz ua=Mozilla/5.0 (X11; Linux x86_64) AppleWeb
2026-08-20T07:00:21.312Z GET /api/contests/C0011/rank -> 304 auth=eyJuIjoidGVz ua=Mozilla/5.0 (X11; Linux x86_64) AppleWeb
2026-08-20T07:00:23.723Z GET /api/contests/C0011 -> 304 auth=eyJuIjoidGVz ua=Mozilla/5.0 (X11; Linux x86_64) AppleWeb
2026-08-20T07:00:23.727Z GET /api/contests/C0011/rank -> 304 auth=eyJuIjoidGVz ua=Mozilla/5.0 (X11; Linux x86_64) AppleWeb
2026-08-20T07:00:24.538Z GET /api/contests/C0011 -> 304 auth=eyJuIjoidGVz ua=Mozilla/5.0 (X11; Linux x86_64) AppleWeb
2026-08-20T07:00:24.542Z GET /api/contests/C0011/rank -> 304 auth=eyJuIjoidGVz ua=Mozilla/5.0 (X11; Linux x86_64) AppleWeb
2026-08-20T07:00:26.307Z GET /api/contests/C0011 -> 304 auth=eyJuIjoidGVz ua=Mozilla/5.0 (X11; Linux x86_64) AppleWeb
2026-08-20T07:00:26.311Z GET /api/contests/C0011/rank -> 304 auth=eyJuIjoidGVz ua=Mozilla/5.0 (X11; Linux x86_64) AppleWeb
2026-08-20T07:00:28.723Z GET /api/contests/C0011 -> 304 auth=eyJuIjoidGVz ua=Mozilla/5.0 (X11; Linux x86_64) AppleWeb
2026-08-20T07:00:28.727Z GET /api/contests/C0011/rank -> 304 auth=eyJuIjoidGVz ua=Mozilla/5.0 (X11; Linux x86_64) AppleWeb
2026-08-20T07:00:29.538Z GET /api/contests/C0011 -> 304 auth=eyJuIjoidGVz ua=Mozilla/5.0 (X11; Linux x86_64) AppleWeb
2026-08-20T07:00:29.542Z GET /api/contests/C0011/rank -> 304 auth=eyJuIjoidGVz ua=Mozilla/5.0 (X11; Linux x86_64) AppleWeb
2026-08-20T07:00:31.306Z GET /api/contests/C0011 -> 304 auth=eyJuIjoidGVz ua=Mozilla/5.0 (X11; Linux x86_64) AppleWeb
2026-08-20T07:00:31.310Z GET /api/contests/C0011/rank -> 304 auth=eyJuIjoidGVz ua=Mozilla/5.0 (X11; Linux x86_64) AppleWeb
2026-08-20T07:00:33.723Z GET /api/contests/C0011 -> 304 auth=eyJuIjoidGVz ua=Mozilla/5.0 (X11; Linux x86_64) AppleWeb
2026-08-20T07:00:33.727Z GET /api/contests/C0011/rank -> 304 auth=eyJuIjoidGVz ua=Mozilla/5.0 (X11; Linux x86_64) AppleWeb
2026-08-20T07:00:34.539Z GET /api/contests/C0011 -> 304 auth=eyJuIjoidGVz ua=Mozilla/5.0 (X11; Linux x86_64) AppleWeb
2026-08-20T07:00:34.543Z GET /api/contests/C0011/rank -> 304 auth=eyJuIjoidGVz ua=Mozilla/5.0 (X11; Linux x86_64) AppleWeb
2026-08-20T07:00:36.306Z GET /api/contests/C0011 -> 304 auth=eyJuIjoidGVz ua=Mozilla/5.0 (X11; Linux x86_64) AppleWeb
2026-08-20T07:00:36.310Z GET /api/contests/C0011/rank -> 304 auth=eyJuIjoidGVz ua=Mozilla/5.0 (X11; Linux x86_64) AppleWeb
2026-08-20T07:00:38.723Z GET /api/contests/C0011 -> 304 auth=eyJuIjoidGVz ua=Mozilla/5.0 (X11; Linux x86_64) AppleWeb
2026-08-20T07:00:38.727Z GET /api/contests/C0011/rank -> 304 auth=eyJuIjoidGVz ua=Mozilla/5.0 (X11; Linux x86_64) AppleWeb
2026-08-20T07:00:39.538Z GET /api/contests/C0011 -> 304 auth=eyJuIjoidGVz ua=Mozilla/5.0 (X11; Linux x86_64) AppleWeb
2026-08-20T07:00:39.542Z GET /api/contests/C0011/rank -> 304 auth=eyJuIjoidGVz ua=Mozilla/5.0 (X11; Linux x86_64) AppleWeb
2026-08-20T07:00:41.306Z GET /api/contests/C0011 -> 304 auth=eyJuIjoidGVz ua=Mozilla/5.0 (X11; Linux x86_64) AppleWeb
2026-08-20T07:00:41.310Z GET /api/contests/C0011/rank -> 304 auth=eyJuIjoidGVz ua=Mozilla/5.0 (X11; Linux x86_64) AppleWeb
2026-08-20T07:00:43.724Z GET /api/contests/C0011 -> 304 auth=eyJuIjoidGVz ua=Mozilla/5.0 (X11; Linux x86_64) AppleWeb
2026-08-20T07:00:43.728Z GET /api/contests/C0011/rank -> 304 auth=eyJuIjoidGVz ua=Mozilla/5.0 (X11; Linux x86_64) AppleWeb
2026-08-20T07:00:44.538Z GET /api/contests/C0011 -> 304 auth=eyJuIjoidGVz ua=Mozilla/5.0 (X11; Linux x86_64) AppleWeb
2026-08-20T07:00:44.542Z GET /api/contests/C0011/rank -> 304 auth=eyJuIjoidGVz ua=Mozilla/5.0 (X11; Linux x86_64) AppleWeb
2026-08-20T07:00:46.307Z GET /api/contests/C0011 -> 304 auth=eyJuIjoidGVz ua=Mozilla/5.0 (X11; Linux x86_64) AppleWeb
2026-08-20T07:00:46.312Z GET /api/contests/C0011/rank -> 304 auth=eyJuIjoidGVz ua=Mozilla/5.0 (X11; Linux x86_64) AppleWeb
2026-08-20T07:00:48.723Z GET /api/contests/C0011 -> 304 auth=eyJuIjoidGVz ua=Mozilla/5.0 (X11; Linux x86_64) AppleWeb
2026-08-20T07:00:48.727Z GET /api/contests/C0011/rank -> 304 auth=eyJuIjoidGVz ua=Mozilla/5.0 (X11; Linux x86_64) AppleWeb
2026-08-20T07:00:49.538Z GET /api/contests/C0011 -> 304 auth=eyJuIjoidGVz ua=Mozilla/5.0 (X11; Linux x86_64) AppleWeb
2026-08-20T07:00:49.541Z GET /api/contests/C0011/rank -> 304 auth=eyJuIjoidGVz ua=Mozilla/5.0 (X11; Linux x86_64) AppleWeb
2026-08-20T07:00:51.307Z GET /api/contests/C0011 -> 304 auth=eyJuIjoidGVz ua=Mozilla/5.0 (X11; Linux x86_64) AppleWeb
2026-08-20T07:00:51.314Z GET /api/contests/C0011/rank -> 304 auth=eyJuIjoidGVz ua=Mozilla/5.0 (X11; Linux x86_64) AppleWeb
2026-08-20T07:00:53.723Z GET /api/contests/C0011 -> 304 auth=eyJuIjoidGVz ua=Mozilla/5.0 (X11; Linux x86_64) AppleWeb
2026-08-20T07:00:53.727Z GET /api/contests/C0011/rank -> 304 auth=eyJuIjoidGVz ua=Mozilla/5.0 (X11; Linux x86_64) AppleWeb
2026-08-20T07:00:54.538Z GET /api/contests/C0011 -> 304 auth=eyJuIjoidGVz ua=Mozilla/5.0 (X11; Linux x86_64) AppleWeb
2026-08-20T07:00:54.542Z GET /api/contests/C0011/rank -> 304 auth=eyJuIjoidGVz ua=Mozilla/5.0 (X11; Linux x86_64) AppleWeb
2026-08-20T07:00:56.307Z GET /api/contests/C0011 -> 304 auth=eyJuIjoidGVz ua=Mozilla/5.0 (X11; Linux x86_64) AppleWeb
2026-08-20T07:00:56.312Z GET /api/contests/C0011/rank -> 304 auth=eyJuIjoidGVz ua=Mozilla/5.0 (X11; Linux x86_64) AppleWeb
2026-08-20T07:00:58.723Z GET /api/contests/C0011 -> 304 auth=eyJuIjoidGVz ua=Mozilla/5.0 (X11; Linux x86_64) AppleWeb
2026-08-20T07:00:58.727Z GET /api/contests/C0011/rank -> 304 auth=eyJuIjoidGVz ua=Mozilla/5.0 (X11; Linux x86_64) AppleWeb
2026-08-20T07:00:59.538Z GET /api/contests/C0011 -> 304 auth=eyJuIjoidGVz ua=Mozilla/5.0 (X11; Linux x86_64) AppleWeb
2026-08-20T07:00:59.542Z GET /api/contests/C0011/rank -> 304 auth=eyJuIjoidGVz ua=Mozilla/5.0 (X11; Linux x86_64) AppleWeb
2026-08-20T07:01:01.306Z GET /api/contests/C0011 -> 304 auth=eyJuIjoidGVz ua=Mozilla/5.0 (X11; Linux x86_64) AppleWeb
2026-08-20T07:01:01.310Z GET /api/contests/C0011/rank -> 304 auth=eyJuIjoidGVz ua=Mozilla/5.0 (X11; Linux x86_64) AppleWeb
2026-08-20T07:01:03.723Z GET /api/contests/C0011 -> 304 auth=eyJuIjoidGVz ua=Mozilla/5.0 (X11; Linux x86_64) AppleWeb
2026-08-20T07:01:03.727Z GET /api/contests/C0011/rank -> 304 auth=eyJuIjoidGVz ua=Mozilla/5.0 (X11; Linux x86_64) AppleWeb
2026-08-20T07:01:04.538Z GET /api/contests/C0011 -> 304 auth=eyJuIjoidGVz ua=Mozilla/5.0 (X11; Linux x86_64) AppleWeb
2026-08-20T07:01:04.541Z GET /api/contests/C0011/rank -> 304 auth=eyJuIjoidGVz ua=Mozilla/5.0 (X11; Linux x86_64) AppleWeb
2026-08-20T07:01:06.306Z GET /api/contests/C0011 -> 304 auth=eyJuIjoidGVz ua=Mozilla/5.0 (X11; Linux x86_64) AppleWeb
2026-08-20T07:01:06.310Z GET /api/contests/C0011/rank -> 304 auth=eyJuIjoidGVz ua=Mozilla/5.0 (X11; Linux x86_64) AppleWeb
2026-08-20T07:01:08.724Z GET /api/contests/C0011 -> 304 auth=eyJuIjoidGVz ua=Mozilla/5.0 (X11; Linux x86_64) AppleWeb
2026-08-20T07:01:08.728Z GET /api/contests/C0011/rank -> 304 auth=eyJuIjoidGVz ua=Mozilla/5.0 (X11; Linux x86_64) AppleWeb
2026-08-20T07:01:09.538Z GET /api/contests/C0011 -> 304 auth=eyJuIjoidGVz ua=Mozilla/5.0 (X11; Linux x86_64) AppleWeb
2026-08-20T07:01:09.542Z GET /api/contests/C0011/rank -> 304 auth=eyJuIjoidGVz ua=Mozilla/5.0 (X11; Linux x86_64) AppleWeb
2026-08-20T07:01:11.307Z GET /api/contests/C0011 -> 304 auth=eyJuIjoidGVz ua=Mozilla/5.0 (X11; Linux x86_64) AppleWeb
2026-08-20T07:01:11.310Z GET /api/contests/C0011/rank -> 304 auth=eyJuIjoidGVz ua=Mozilla/5.0 (X11; Linux x86_64) AppleWeb
2026-08-20T07:01:13.724Z GET /api/contests/C0011 -> 304 auth=eyJuIjoidGVz ua=Mozilla/5.0 (X11; Linux x86_64) AppleWeb
2026-08-20T07:01:13.728Z GET /api/contests/C0011/rank -> 304 auth=eyJuIjoidGVz ua=Mozilla/5.0 (X11; Linux x86_64) AppleWeb
2026-08-20T07:01:14.538Z GET /api/contests/C0011 -> 304 auth=eyJuIjoidGVz ua=Mozilla/5.0 (X11; Linux x86_64) AppleWeb
2026-08-20T07:01:14.541Z GET /api/contests/C0011/rank -> 304 auth=eyJuIjoidGVz ua=Mozilla/5.0 (X11; Linux x86_64) AppleWeb
2026-08-20T07:01:16.307Z GET /api/contests/C0011 -> 304 auth=eyJuIjoidGVz ua=Mozilla/5.0 (X11; Linux x86_64) AppleWeb
2026-08-20T07:01:16.311Z GET /api/contests/C0011/rank -> 304 auth=eyJuIjoidGVz ua=Mozilla/5.0 (X11; Linux x86_64) AppleWeb
2026-08-20T07:01:18.724Z GET /api/contests/C0011 -> 304 auth=eyJuIjoidGVz ua=Mozilla/5.0 (X11; Linux x86_64) AppleWeb
2026-08-20T07:01:18.727Z GET /api/contests/C0011/rank -> 304 auth=eyJuIjoidGVz ua=Mozilla/5.0 (X11; Linux x86_64) AppleWeb
2026-08-20T07:01:19.538Z GET /api/contests/C0011 -> 304 auth=eyJuIjoidGVz ua=Mozilla/5.0 (X11; Linux x86_64) AppleWeb
2026-08-20T07:01:19.542Z GET /api/contests/C0011/rank -> 304 auth=eyJuIjoidGVz ua=Mozilla/5.0 (X11; Linux x86_64) AppleWeb
2026-08-20T07:01:21.306Z GET /api/contests/C0011 -> 304 auth=eyJuIjoidGVz ua=Mozilla/5.0 (X11; Linux x86_64) AppleWeb
2026-08-20T07:01:21.310Z GET /api/contests/C0011/rank -> 304 auth=eyJuIjoidGVz ua=Mozilla/5.0 (X11; Linux x86_64) AppleWeb
2026-08-20T07:01:23.723Z GET /api/contests/C0011 -> 304 auth=eyJuIjoidGVz ua=Mozilla/5.0 (X11; Linux x86_64) AppleWeb
2026-08-20T07:01:23.727Z GET /api/contests/C0011/rank -> 304 auth=eyJuIjoidGVz ua=Mozilla/5.0 (X11; Linux x86_64) AppleWeb
2026-08-20T07:01:24.539Z GET /api/contests/C0011 -> 304 auth=eyJuIjoidGVz ua=Mozilla/5.0 (X11; Linux x86_64) AppleWeb
2026-08-20T07:01:24.543Z GET /api/contests/C0011/rank -> 304 auth=eyJuIjoidGVz ua=Mozilla/5.0 (X11; Linux x86_64) AppleWeb
2026-08-20T07:01:26.306Z GET /api/contests/C0011 -> 304 auth=eyJuIjoidGVz ua=Mozilla/5.0 (X11; Linux x86_64) AppleWeb
2026-08-20T07:01:26.310Z GET /api/contests/C0011/rank -> 304 auth=eyJuIjoidGVz ua=Mozilla/5.0 (X11; Linux x86_64) AppleWeb
2026-08-20T07:01:28.723Z GET /api/contests/C0011 -> 304 auth=eyJuIjoidGVz ua=Mozilla/5.0 (X11; Linux x86_64) AppleWeb
2026-08-20T07:01:28.727Z GET /api/contests/C0011/rank -> 304 auth=eyJuIjoidGVz ua=Mozilla/5.0 (X11; Linux x86_64) AppleWeb
2026-08-20T07:01:29.538Z GET /api/contests/C0011 -> 304 auth=eyJuIjoidGVz ua=Mozilla/5.0 (X11; Linux x86_64) AppleWeb
2026-08-20T07:01:29.541Z GET /api/contests/C0011/rank -> 304 auth=eyJuIjoidGVz ua=Mozilla/5.0 (X11; Linux x86_64) AppleWeb
2026-08-20T07:01:31.306Z GET /api/contests/C0011 -> 304 auth=eyJuIjoidGVz ua=Mozilla/5.0 (X11; Linux x86_64) AppleWeb
2026-08-20T07:01:31.310Z GET /api/contests/C0011/rank -> 304 auth=eyJuIjoidGVz ua=Mozilla/5.0 (X11; Linux x86_64) AppleWeb
2026-08-20T07:01:33.724Z GET /api/contests/C0011 -> 304 auth=eyJuIjoidGVz ua=Mozilla/5.0 (X11; Linux x86_64) AppleWeb
2026-08-20T07:01:33.728Z GET /api/contests/C0011/rank -> 304 auth=eyJuIjoidGVz ua=Mozilla/5.0 (X11; Linux x86_64) AppleWeb
2026-08-20T07:01:34.539Z GET /api/contests/C0011 -> 304 auth=eyJuIjoidGVz ua=Mozilla/5.0 (X11; Linux x86_64) AppleWeb
2026-08-20T07:01:34.544Z GET /api/contests/C0011/rank -> 304 auth=eyJuIjoidGVz ua=Mozilla/5.0 (X11; Linux x86_64) AppleWeb
2026-08-20T07:01:36.306Z GET /api/contests/C0011 -> 304 auth=eyJuIjoidGVz ua=Mozilla/5.0 (X11; Linux x86_64) AppleWeb
2026-08-20T07:01:36.310Z GET /api/contests/C0011/rank -> 304 auth=eyJuIjoidGVz ua=Mozilla/5.0 (X11; Linux x86_64) AppleWeb
2026-08-20T07:01:38.723Z GET /api/contests/C0011 -> 304 auth=eyJuIjoidGVz ua=Mozilla/5.0 (X11; Linux x86_64) AppleWeb
2026-08-20T07:01:38.727Z GET /api/contests/C0011/rank -> 304 auth=eyJuIjoidGVz ua=Mozilla/5.0 (X11; Linux x86_64) AppleWeb
2026-08-20T07:01:39.538Z GET /api/contests/C0011 -> 304 auth=eyJuIjoidGVz ua=Mozilla/5.0 (X11; Linux x86_64) AppleWeb
2026-08-20T07:01:39.541Z GET /api/contests/C0011/rank -> 304 auth=eyJuIjoidGVz ua=Mozilla/5.0 (X11; Linux x86_64) AppleWeb
2026-08-20T07:01:41.307Z GET /api/contests/C0011 -> 304 auth=eyJuIjoidGVz ua=Mozilla/5.0 (X11; Linux x86_64) AppleWeb
2026-08-20T07:01:41.312Z GET /api/contests/C0011/rank -> 304 auth=eyJuIjoidGVz ua=Mozilla/5.0 (X11; Linux x86_64) AppleWeb
2026-08-20T07:01:43.723Z GET /api/contests/C0011 -> 304 auth=eyJuIjoidGVz ua=Mozilla/5.0 (X11; Linux x86_64) AppleWeb
2026-08-20T07:01:43.727Z GET /api/contests/C0011/rank -> 304 auth=eyJuIjoidGVz ua=Mozilla/5.0 (X11; Linux x86_64) AppleWeb
2026-08-20T07:01:44.538Z GET /api/contests/C0011 -> 304 auth=eyJuIjoidGVz ua=Mozilla/5.0 (X11; Linux x86_64) AppleWeb
2026-08-20T07:01:44.542Z GET /api/contests/C0011/rank -> 304 auth=eyJuIjoidGVz ua=Mozilla/5.0 (X11; Linux x86_64) AppleWeb
2026-08-20T07:01:46.307Z GET /api/contests/C0011 -> 304 auth=eyJuIjoidGVz ua=Mozilla/5.0 (X11; Linux x86_64) AppleWeb
2026-08-20T07:01:46.310Z GET /api/contests/C0011/rank -> 304 auth=eyJuIjoidGVz ua=Mozilla/5.0 (X11; Linux x86_64) AppleWeb
2026-08-20T07:01:48.724Z GET /api/contests/C0011 -> 304 auth=eyJuIjoidGVz ua=Mozilla/5.0 (X11; Linux x86_64) AppleWeb
2026-08-20T07:01:48.729Z GET /api/contests/C0011/rank -> 304 auth=eyJuIjoidGVz ua=Mozilla/5.0 (X11; Linux x86_64) AppleWeb
2026-08-20T07:01:49.538Z GET /api/contests/C0011 -> 304 auth=eyJuIjoidGVz ua=Mozilla/5.0 (X11; Linux x86_64) AppleWeb
2026-08-20T07:01:49.544Z GET /api/contests/C0011/rank -> 304 auth=eyJuIjoidGVz ua=Mozilla/5.0 (X11; Linux x86_64) AppleWeb
2026-08-20T07:01:51.306Z GET /api/contests/C0011 -> 304 auth=eyJuIjoidGVz ua=Mozilla/5.0 (X11; Linux x86_64) AppleWeb
2026-08-20T07:01:51.311Z GET /api/contests/C0011/rank -> 304 auth=eyJuIjoidGVz ua=Mozilla/5.0 (X11; Linux x86_64) AppleWeb
2026-08-20T07:01:53.723Z GET /api/contests/C0011 -> 304 auth=eyJuIjoidGVz ua=Mozilla/5.0 (X11; Linux x86_64) AppleWeb
2026-08-20T07:01:53.727Z GET /api/contests/C0011/rank -> 304 auth=eyJuIjoidGVz ua=Mozilla/5.0 (X11; Linux x86_64) AppleWeb
2026-08-20T07:01:54.419Z GET /api/submissions -> 304 auth=eyJuIjoidGVz ua=Mozilla/5.0 (X11; Linux x86_64) AppleWeb
2026-08-20T07:01:54.539Z GET /api/contests/C0011 -> 304 auth=eyJuIjoidGVz ua=Mozilla/5.0 (X11; Linux x86_64) AppleWeb
2026-08-20T07:01:54.543Z GET /api/contests/C0011/rank -> 304 auth=eyJuIjoidGVz ua=Mozilla/5.0 (X11; Linux x86_64) AppleWeb
2026-08-20T07:01:56.306Z GET /api/contests/C0011 -> 304 auth=eyJuIjoidGVz ua=Mozilla/5.0 (X11; Linux x86_64) AppleWeb
2026-08-20T07:01:56.310Z GET /api/contests/C0011/rank -> 304 auth=eyJuIjoidGVz ua=Mozilla/5.0 (X11; Linux x86_64) AppleWeb
2026-08-20T07:01:58.737Z GET /api/contests/C0011 -> 304 auth=eyJuIjoidGVz ua=Mozilla/5.0 (X11; Linux x86_64) AppleWeb
2026-08-20T07:01:58.751Z GET /api/contests/C0011/rank -> 304 auth=eyJuIjoidGVz ua=Mozilla/5.0 (X11; Linux x86_64) AppleWeb
2026-08-20T07:01:59.538Z GET /api/contests/C0011 -> 304 auth=eyJuIjoidGVz ua=Mozilla/5.0 (X11; Linux x86_64) AppleWeb
2026-08-20T07:01:59.543Z GET /api/contests/C0011/rank -> 304 auth=eyJuIjoidGVz ua=Mozilla/5.0 (X11; Linux x86_64) AppleWeb
2026-08-20T07:02:01.306Z GET /api/contests/C0011 -> 304 auth=eyJuIjoidGVz ua=Mozilla/5.0 (X11; Linux x86_64) AppleWeb
2026-08-20T07:02:01.310Z GET /api/contests/C0011/rank -> 304 auth=eyJuIjoidGVz ua=Mozilla/5.0 (X11; Linux x86_64) AppleWeb
2026-08-20T07:02:03.723Z GET /api/contests/C0011 -> 304 auth=eyJuIjoidGVz ua=Mozilla/5.0 (X11; Linux x86_64) AppleWeb
2026-08-20T07:02:03.727Z GET /api/contests/C0011/rank -> 304 auth=eyJuIjoidGVz ua=Mozilla/5.0 (X11; Linux x86_64) AppleWeb
2026-08-20T07:02:04.538Z GET /api/contests/C0011 -> 304 auth=eyJuIjoidGVz ua=Mozilla/5.0 (X11; Linux x86_64) AppleWeb
2026-08-20T07:02:04.542Z GET /api/contests/C0011/rank -> 304 auth=eyJuIjoidGVz ua=Mozilla/5.0 (X11; Linux x86_64) AppleWeb
2026-08-20T07:02:06.309Z GET /api/contests/C0011 -> 304 auth=eyJuIjoidGVz ua=Mozilla/5.0 (X11; Linux x86_64) AppleWeb
2026-08-20T07:02:06.313Z GET /api/contests/C0011/rank -> 304 auth=eyJuIjoidGVz ua=Mozilla/5.0 (X11; Linux x86_64) AppleWeb
2026-08-20T07:02:08.723Z GET /api/contests/C0011 -> 304 auth=eyJuIjoidGVz ua=Mozilla/5.0 (X11; Linux x86_64) AppleWeb
2026-08-20T07:02:08.727Z GET /api/contests/C0011/rank -> 304 auth=eyJuIjoidGVz ua=Mozilla/5.0 (X11; Linux x86_64) AppleWeb
2026-08-20T07:02:09.538Z GET /api/contests/C0011 -> 304 auth=eyJuIjoidGVz ua=Mozilla/5.0 (X11; Linux x86_64) AppleWeb
2026-08-20T07:02:09.542Z GET /api/contests/C0011/rank -> 304 auth=eyJuIjoidGVz ua=Mozilla/5.0 (X11; Linux x86_64) AppleWeb
2026-08-20T07:02:11.306Z GET /api/contests/C0011 -> 304 auth=eyJuIjoidGVz ua=Mozilla/5.0 (X11; Linux x86_64) AppleWeb
2026-08-20T07:02:11.310Z GET /api/contests/C0011/rank -> 304 auth=eyJuIjoidGVz ua=Mozilla/5.0 (X11; Linux x86_64) AppleWeb
2026-08-20T07:02:13.723Z GET /api/contests/C0011 -> 304 auth=eyJuIjoidGVz ua=Mozilla/5.0 (X11; Linux x86_64) AppleWeb
2026-08-20T07:02:13.728Z GET /api/contests/C0011/rank -> 304 auth=eyJuIjoidGVz ua=Mozilla/5.0 (X11; Linux x86_64) AppleWeb
2026-08-20T07:02:14.538Z GET /api/contests/C0011 -> 304 auth=eyJuIjoidGVz ua=Mozilla/5.0 (X11; Linux x86_64) AppleWeb
2026-08-20T07:02:14.542Z GET /api/contests/C0011/rank -> 304 auth=eyJuIjoidGVz ua=Mozilla/5.0 (X11; Linux x86_64) AppleWeb
2026-08-20T07:02:16.307Z GET /api/contests/C0011 -> 304 auth=eyJuIjoidGVz ua=Mozilla/5.0 (X11; Linux x86_64) AppleWeb
2026-08-20T07:02:16.311Z GET /api/contests/C0011/rank -> 304 auth=eyJuIjoidGVz ua=Mozilla/5.0 (X11; Linux x86_64) AppleWeb
2026-08-20T07:02:18.724Z GET /api/contests/C0011 -> 304 auth=eyJuIjoidGVz ua=Mozilla/5.0 (X11; Linux x86_64) AppleWeb
2026-08-20T07:02:18.729Z GET /api/contests/C0011/rank -> 304 auth=eyJuIjoidGVz ua=Mozilla/5.0 (X11; Linux x86_64) AppleWeb
2026-08-20T07:02:19.538Z GET /api/contests/C0011 -> 304 auth=eyJuIjoidGVz ua=Mozilla/5.0 (X11; Linux x86_64) AppleWeb
2026-08-20T07:02:19.543Z GET /api/contests/C0011/rank -> 304 auth=eyJuIjoidGVz ua=Mozilla/5.0 (X11; Linux x86_64) AppleWeb
2026-08-20T07:02:21.307Z GET /api/contests/C0011 -> 304 auth=eyJuIjoidGVz ua=Mozilla/5.0 (X11; Linux x86_64) AppleWeb
2026-08-20T07:02:21.317Z GET /api/contests/C0011/rank -> 304 auth=eyJuIjoidGVz ua=Mozilla/5.0 (X11; Linux x86_64) AppleWeb
2026-08-20T07:02:23.724Z GET /api/contests/C0011 -> 304 auth=eyJuIjoidGVz ua=Mozilla/5.0 (X11; Linux x86_64) AppleWeb
2026-08-20T07:02:23.728Z GET /api/contests/C0011/rank -> 304 auth=eyJuIjoidGVz ua=Mozilla/5.0 (X11; Linux x86_64) AppleWeb
2026-08-20T07:02:24.538Z GET /api/contests/C0011 -> 304 auth=eyJuIjoidGVz ua=Mozilla/5.0 (X11; Linux x86_64) AppleWeb
2026-08-20T07:02:24.542Z GET /api/contests/C0011/rank -> 304 auth=eyJuIjoidGVz ua=Mozilla/5.0 (X11; Linux x86_64) AppleWeb
2026-08-20T07:02:26.307Z GET /api/contests/C0011 -> 304 auth=eyJuIjoidGVz ua=Mozilla/5.0 (X11; Linux x86_64) AppleWeb
2026-08-20T07:02:26.310Z GET /api/contests/C0011/rank -> 304 auth=eyJuIjoidGVz ua=Mozilla/5.0 (X11; Linux x86_64) AppleWeb
2026-08-20T07:02:28.724Z GET /api/contests/C0011 -> 304 auth=eyJuIjoidGVz ua=Mozilla/5.0 (X11; Linux x86_64) AppleWeb
2026-08-20T07:02:28.727Z GET /api/contests/C0011/rank -> 304 auth=eyJuIjoidGVz ua=Mozilla/5.0 (X11; Linux x86_64) AppleWeb
2026-08-20T07:02:29.538Z GET /api/contests/C0011 -> 304 auth=eyJuIjoidGVz ua=Mozilla/5.0 (X11; Linux x86_64) AppleWeb
2026-08-20T07:02:29.542Z GET /api/contests/C0011/rank -> 304 auth=eyJuIjoidGVz ua=Mozilla/5.0 (X11; Linux x86_64) AppleWeb
2026-08-20T07:02:31.330Z GET /api/contests/C0011 -> 304 auth=eyJuIjoidGVz ua=Mozilla/5.0 (X11; Linux x86_64) AppleWeb
2026-08-20T07:02:31.341Z GET /api/contests/C0011/rank -> 304 auth=eyJuIjoidGVz ua=Mozilla/5.0 (X11; Linux x86_64) AppleWeb
2026-08-20T07:02:33.724Z GET /api/contests/C0011 -> 304 auth=eyJuIjoidGVz ua=Mozilla/5.0 (X11; Linux x86_64) AppleWeb
2026-08-20T07:02:33.728Z GET /api/contests/C0011/rank -> 304 auth=eyJuIjoidGVz ua=Mozilla/5.0 (X11; Linux x86_64) AppleWeb
2026-08-20T07:02:34.538Z GET /api/contests/C0011 -> 304 auth=eyJuIjoidGVz ua=Mozilla/5.0 (X11; Linux x86_64) AppleWeb
2026-08-20T07:02:34.542Z GET /api/contests/C0011/rank -> 304 auth=eyJuIjoidGVz ua=Mozilla/5.0 (X11; Linux x86_64) AppleWeb
2026-08-20T07:02:36.307Z GET /api/contests/C0011 -> 304 auth=eyJuIjoidGVz ua=Mozilla/5.0 (X11; Linux x86_64) AppleWeb
2026-08-20T07:02:36.312Z GET /api/contests/C0011/rank -> 304 auth=eyJuIjoidGVz ua=Mozilla/5.0 (X11; Linux x86_64) AppleWeb
2026-08-20T07:02:38.724Z GET /api/contests/C0011 -> 304 auth=eyJuIjoidGVz ua=Mozilla/5.0 (X11; Linux x86_64) AppleWeb
2026-08-20T07:02:38.729Z GET /api/contests/C0011/rank -> 304 auth=eyJuIjoidGVz ua=Mozilla/5.0 (X11; Linux x86_64) AppleWeb
2026-08-20T07:02:39.538Z GET /api/contests/C0011 -> 304 auth=eyJuIjoidGVz ua=Mozilla/5.0 (X11; Linux x86_64) AppleWeb
2026-08-20T07:02:39.543Z GET /api/contests/C0011/rank -> 304 auth=eyJuIjoidGVz ua=Mozilla/5.0 (X11; Linux x86_64) AppleWeb
2026-08-20T07:02:41.309Z GET /api/contests/C0011 -> 304 auth=eyJuIjoidGVz ua=Mozilla/5.0 (X11; Linux x86_64) AppleWeb
2026-08-20T07:02:41.313Z GET /api/contests/C0011/rank -> 304 auth=eyJuIjoidGVz ua=Mozilla/5.0 (X11; Linux x86_64) AppleWeb
2026-08-20T07:02:43.724Z GET /api/contests/C0011 -> 304 auth=eyJuIjoidGVz ua=Mozilla/5.0 (X11; Linux x86_64) AppleWeb
2026-08-20T07:02:43.728Z GET /api/contests/C0011/rank -> 304 auth=eyJuIjoidGVz ua=Mozilla/5.0 (X11; Linux x86_64) AppleWeb
2026-08-20T07:02:44.539Z GET /api/contests/C0011 -> 304 auth=eyJuIjoidGVz ua=Mozilla/5.0 (X11; Linux x86_64) AppleWeb
2026-08-20T07:02:44.543Z GET /api/contests/C0011/rank -> 304 auth=eyJuIjoidGVz ua=Mozilla/5.0 (X11; Linux x86_64) AppleWeb
2026-08-20T07:02:46.309Z GET /api/contests/C0011 -> 304 auth=eyJuIjoidGVz ua=Mozilla/5.0 (X11; Linux x86_64) AppleWeb
2026-08-20T07:02:46.318Z GET /api/contests/C0011/rank -> 304 auth=eyJuIjoidGVz ua=Mozilla/5.0 (X11; Linux x86_64) AppleWeb
2026-08-20T07:02:48.725Z GET /api/contests/C0011 -> 304 auth=eyJuIjoidGVz ua=Mozilla/5.0 (X11; Linux x86_64) AppleWeb
2026-08-20T07:02:48.730Z GET /api/contests/C0011/rank -> 304 auth=eyJuIjoidGVz ua=Mozilla/5.0 (X11; Linux x86_64) AppleWeb
2026-08-20T07:02:49.538Z GET /api/contests/C0011 -> 304 auth=eyJuIjoidGVz ua=Mozilla/5.0 (X11; Linux x86_64) AppleWeb
2026-08-20T07:02:49.544Z GET /api/contests/C0011/rank -> 304 auth=eyJuIjoidGVz ua=Mozilla/5.0 (X11; Linux x86_64) AppleWeb
2026-08-20T07:02:51.308Z GET /api/contests/C0011 -> 304 auth=eyJuIjoidGVz ua=Mozilla/5.0 (X11; Linux x86_64) AppleWeb
2026-08-20T07:02:51.312Z GET /api/contests/C0011/rank -> 304 auth=eyJuIjoidGVz ua=Mozilla/5.0 (X11; Linux x86_64) AppleWeb
2026-08-20T07:02:53.725Z GET /api/contests/C0011 -> 304 auth=eyJuIjoidGVz ua=Mozilla/5.0 (X11; Linux x86_64) AppleWeb
2026-08-20T07:02:53.732Z GET /api/contests/C0011/rank -> 304 auth=eyJuIjoidGVz ua=Mozilla/5.0 (X11; Linux x86_64) AppleWeb
2026-08-20T07:02:54.539Z GET /api/contests/C0011 -> 304 auth=eyJuIjoidGVz ua=Mozilla/5.0 (X11; Linux x86_64) AppleWeb
2026-08-20T07:02:54.544Z GET /api/contests/C0011/rank -> 304 auth=eyJuIjoidGVz ua=Mozilla/5.0 (X11; Linux x86_64) AppleWeb
2026-08-20T07:02:56.307Z GET /api/contests/C0011 -> 304 auth=eyJuIjoidGVz ua=Mozilla/5.0 (X11; Linux x86_64) AppleWeb
2026-08-20T07:02:56.311Z GET /api/contests/C0011/rank -> 304 auth=eyJuIjoidGVz ua=Mozilla/5.0 (X11; Linux x86_64) AppleWeb
2026-08-20T07:02:58.724Z GET /api/contests/C0011 -> 304 auth=eyJuIjoidGVz ua=Mozilla/5.0 (X11; Linux x86_64) AppleWeb
2026-08-20T07:02:58.728Z GET /api/contests/C0011/rank -> 304 auth=eyJuIjoidGVz ua=Mozilla/5.0 (X11; Linux x86_64) AppleWeb
2026-08-20T07:02:59.539Z GET /api/contests/C0011 -> 304 auth=eyJuIjoidGVz ua=Mozilla/5.0 (X11; Linux x86_64) AppleWeb
2026-08-20T07:02:59.544Z GET /api/contests/C0011/rank -> 304 auth=eyJuIjoidGVz ua=Mozilla/5.0 (X11; Linux x86_64) AppleWeb
2026-08-20T07:03:01.307Z GET /api/contests/C0011 -> 304 auth=eyJuIjoidGVz ua=Mozilla/5.0 (X11; Linux x86_64) AppleWeb
2026-08-20T07:03:01.311Z GET /api/contests/C0011/rank -> 304 auth=eyJuIjoidGVz ua=Mozilla/5.0 (X11; Linux x86_64) AppleWeb
2026-08-20T07:03:03.724Z GET /api/contests/C0011 -> 304 auth=eyJuIjoidGVz ua=Mozilla/5.0 (X11; Linux x86_64) AppleWeb
2026-08-20T07:03:03.728Z GET /api/contests/C0011/rank -> 304 auth=eyJuIjoidGVz ua=Mozilla/5.0 (X11; Linux x86_64) AppleWeb
2026-08-20T07:03:04.539Z GET /api/contests/C0011 -> 304 auth=eyJuIjoidGVz ua=Mozilla/5.0 (X11; Linux x86_64) AppleWeb
2026-08-20T07:03:04.543Z GET /api/contests/C0011/rank -> 304 auth=eyJuIjoidGVz ua=Mozilla/5.0 (X11; Linux x86_64) AppleWeb
2026-08-20T07:03:06.307Z GET /api/contests/C0011 -> 304 auth=eyJuIjoidGVz ua=Mozilla/5.0 (X11; Linux x86_64) AppleWeb
2026-08-20T07:03:06.310Z GET /api/contests/C0011/rank -> 304 auth=eyJuIjoidGVz ua=Mozilla/5.0 (X11; Linux x86_64) AppleWeb
2026-08-20T07:03:08.724Z GET /api/contests/C0011 -> 304 auth=eyJuIjoidGVz ua=Mozilla/5.0 (X11; Linux x86_64) AppleWeb
2026-08-20T07:03:08.727Z GET /api/contests/C0011/rank -> 304 auth=eyJuIjoidGVz ua=Mozilla/5.0 (X11; Linux x86_64) AppleWeb
2026-08-20T07:03:09.538Z GET /api/contests/C0011 -> 304 auth=eyJuIjoidGVz ua=Mozilla/5.0 (X11; Linux x86_64) AppleWeb
2026-08-20T07:03:09.542Z GET /api/contests/C0011/rank -> 304 auth=eyJuIjoidGVz ua=Mozilla/5.0 (X11; Linux x86_64) AppleWeb
2026-08-20T07:03:11.306Z GET /api/contests/C0011 -> 304 auth=eyJuIjoidGVz ua=Mozilla/5.0 (X11; Linux x86_64) AppleWeb
2026-08-20T07:03:11.312Z GET /api/contests/C0011/rank -> 304 auth=eyJuIjoidGVz ua=Mozilla/5.0 (X11; Linux x86_64) AppleWeb
2026-08-20T07:03:13.724Z GET /api/contests/C0011 -> 304 auth=eyJuIjoidGVz ua=Mozilla/5.0 (X11; Linux x86_64) AppleWeb
2026-08-20T07:03:13.727Z GET /api/contests/C0011/rank -> 304 auth=eyJuIjoidGVz ua=Mozilla/5.0 (X11; Linux x86_64) AppleWeb
2026-08-20T07:03:14.538Z GET /api/contests/C0011 -> 304 auth=eyJuIjoidGVz ua=Mozilla/5.0 (X11; Linux x86_64) AppleWeb
2026-08-20T07:03:14.542Z GET /api/contests/C0011/rank -> 304 auth=eyJuIjoidGVz ua=Mozilla/5.0 (X11; Linux x86_64) AppleWeb
2026-08-20T07:03:16.307Z GET /api/contests/C0011 -> 304 auth=eyJuIjoidGVz ua=Mozilla/5.0 (X11; Linux x86_64) AppleWeb
2026-08-20T07:03:16.314Z GET /api/contests/C0011/rank -> 304 auth=eyJuIjoidGVz ua=Mozilla/5.0 (X11; Linux x86_64) AppleWeb
2026-08-20T07:03:18.724Z GET /api/contests/C0011 -> 304 auth=eyJuIjoidGVz ua=Mozilla/5.0 (X11; Linux x86_64) AppleWeb
2026-08-20T07:03:18.728Z GET /api/contests/C0011/rank -> 304 auth=eyJuIjoidGVz ua=Mozilla/5.0 (X11; Linux x86_64) AppleWeb
2026-08-20T07:03:19.538Z GET /api/contests/C0011 -> 304 auth=eyJuIjoidGVz ua=Mozilla/5.0 (X11; Linux x86_64) AppleWeb
2026-08-20T07:03:19.543Z GET /api/contests/C0011/rank -> 304 auth=eyJuIjoidGVz ua=Mozilla/5.0 (X11; Linux x86_64) AppleWeb
2026-08-20T07:03:21.307Z GET /api/contests/C0011 -> 304 auth=eyJuIjoidGVz ua=Mozilla/5.0 (X11; Linux x86_64) AppleWeb
2026-08-20T07:03:21.311Z GET /api/contests/C0011/rank -> 304 auth=eyJuIjoidGVz ua=Mozilla/5.0 (X11; Linux x86_64) AppleWeb
2026-08-20T07:03:23.724Z GET /api/contests/C0011 -> 304 auth=eyJuIjoidGVz ua=Mozilla/5.0 (X11; Linux x86_64) AppleWeb
2026-08-20T07:03:23.735Z GET /api/contests/C0011/rank -> 304 auth=eyJuIjoidGVz ua=Mozilla/5.0 (X11; Linux x86_64) AppleWeb
2026-08-20T07:03:24.538Z GET /api/contests/C0011 -> 304 auth=eyJuIjoidGVz ua=Mozilla/5.0 (X11; Linux x86_64) AppleWeb
2026-08-20T07:03:24.542Z GET /api/contests/C0011/rank -> 304 auth=eyJuIjoidGVz ua=Mozilla/5.0 (X11; Linux x86_64) AppleWeb
2026-08-20T07:03:26.307Z GET /api/contests/C0011 -> 304 auth=eyJuIjoidGVz ua=Mozilla/5.0 (X11; Linux x86_64) AppleWeb
2026-08-20T07:03:26.311Z GET /api/contests/C0011/rank -> 304 auth=eyJuIjoidGVz ua=Mozilla/5.0 (X11; Linux x86_64) AppleWeb
2026-08-20T07:03:28.725Z GET /api/contests/C0011 -> 304 auth=eyJuIjoidGVz ua=Mozilla/5.0 (X11; Linux x86_64) AppleWeb
2026-08-20T07:03:28.730Z GET /api/contests/C0011/rank -> 304 auth=eyJuIjoidGVz ua=Mozilla/5.0 (X11; Linux x86_64) AppleWeb
2026-08-20T07:03:29.538Z GET /api/contests/C0011 -> 304 auth=eyJuIjoidGVz ua=Mozilla/5.0 (X11; Linux x86_64) AppleWeb
2026-08-20T07:03:29.543Z GET /api/contests/C0011/rank -> 304 auth=eyJuIjoidGVz ua=Mozilla/5.0 (X11; Linux x86_64) AppleWeb
2026-08-20T07:03:31.307Z GET /api/contests/C0011 -> 304 auth=eyJuIjoidGVz ua=Mozilla/5.0 (X11; Linux x86_64) AppleWeb
2026-08-20T07:03:31.311Z GET /api/contests/C0011/rank -> 304 auth=eyJuIjoidGVz ua=Mozilla/5.0 (X11; Linux x86_64) AppleWeb
2026-08-20T07:03:33.723Z GET /api/contests/C0011 -> 304 auth=eyJuIjoidGVz ua=Mozilla/5.0 (X11; Linux x86_64) AppleWeb
2026-08-20T07:03:33.727Z GET /api/contests/C0011/rank -> 304 auth=eyJuIjoidGVz ua=Mozilla/5.0 (X11; Linux x86_64) AppleWeb
2026-08-20T07:03:34.538Z GET /api/contests/C0011 -> 304 auth=eyJuIjoidGVz ua=Mozilla/5.0 (X11; Linux x86_64) AppleWeb
2026-08-20T07:03:34.543Z GET /api/contests/C0011/rank -> 304 auth=eyJuIjoidGVz ua=Mozilla/5.0 (X11; Linux x86_64) AppleWeb
2026-08-20T07:03:36.307Z GET /api/contests/C0011 -> 304 auth=eyJuIjoidGVz ua=Mozilla/5.0 (X11; Linux x86_64) AppleWeb
2026-08-20T07:03:36.313Z GET /api/contests/C0011/rank -> 304 auth=eyJuIjoidGVz ua=Mozilla/5.0 (X11; Linux x86_64) AppleWeb
2026-08-20T07:03:38.724Z GET /api/contests/C0011 -> 304 auth=eyJuIjoidGVz ua=Mozilla/5.0 (X11; Linux x86_64) AppleWeb
2026-08-20T07:03:38.728Z GET /api/contests/C0011/rank -> 304 auth=eyJuIjoidGVz ua=Mozilla/5.0 (X11; Linux x86_64) AppleWeb
2026-08-20T07:03:39.540Z GET /api/contests/C0011 -> 304 auth=eyJuIjoidGVz ua=Mozilla/5.0 (X11; Linux x86_64) AppleWeb
2026-08-20T07:03:39.546Z GET /api/contests/C0011/rank -> 304 auth=eyJuIjoidGVz ua=Mozilla/5.0 (X11; Linux x86_64) AppleWeb
2026-08-20T07:03:41.308Z GET /api/contests/C0011 -> 304 auth=eyJuIjoidGVz ua=Mozilla/5.0 (X11; Linux x86_64) AppleWeb
2026-08-20T07:03:41.314Z GET /api/contests/C0011/rank -> 304 auth=eyJuIjoidGVz ua=Mozilla/5.0 (X11; Linux x86_64) AppleWeb
2026-08-20T07:03:43.724Z GET /api/contests/C0011 -> 304 auth=eyJuIjoidGVz ua=Mozilla/5.0 (X11; Linux x86_64) AppleWeb
2026-08-20T07:03:43.735Z GET /api/contests/C0011/rank -> 304 auth=eyJuIjoidGVz ua=Mozilla/5.0 (X11; Linux x86_64) AppleWeb
2026-08-20T07:03:44.538Z GET /api/contests/C0011 -> 304 auth=eyJuIjoidGVz ua=Mozilla/5.0 (X11; Linux x86_64) AppleWeb
2026-08-20T07:03:44.545Z GET /api/contests/C0011/rank -> 304 auth=eyJuIjoidGVz ua=Mozilla/5.0 (X11; Linux x86_64) AppleWeb
2026-08-20T07:03:46.308Z GET /api/contests/C0011 -> 304 auth=eyJuIjoidGVz ua=Mozilla/5.0 (X11; Linux x86_64) AppleWeb
2026-08-20T07:03:46.312Z GET /api/contests/C0011/rank -> 304 auth=eyJuIjoidGVz ua=Mozilla/5.0 (X11; Linux x86_64) AppleWeb
2026-08-20T07:03:48.724Z GET /api/contests/C0011 -> 304 auth=eyJuIjoidGVz ua=Mozilla/5.0 (X11; Linux x86_64) AppleWeb
2026-08-20T07:03:48.729Z GET /api/contests/C0011/rank -> 304 auth=eyJuIjoidGVz ua=Mozilla/5.0 (X11; Linux x86_64) AppleWeb
2026-08-20T07:03:49.543Z GET /api/contests/C0011 -> 304 auth=eyJuIjoidGVz ua=Mozilla/5.0 (X11; Linux x86_64) AppleWeb
2026-08-20T07:03:49.548Z GET /api/contests/C0011/rank -> 304 auth=eyJuIjoidGVz ua=Mozilla/5.0 (X11; Linux x86_64) AppleWeb
2026-08-20T07:03:51.312Z GET /api/contests/C0011 -> 304 auth=eyJuIjoidGVz ua=Mozilla/5.0 (X11; Linux x86_64) AppleWeb
2026-08-20T07:03:51.316Z GET /api/contests/C0011/rank -> 304 auth=eyJuIjoidGVz ua=Mozilla/5.0 (X11; Linux x86_64) AppleWeb
2026-08-20T07:03:53.724Z GET /api/contests/C0011 -> 304 auth=eyJuIjoidGVz ua=Mozilla/5.0 (X11; Linux x86_64) AppleWeb
2026-08-20T07:03:53.731Z GET /api/contests/C0011/rank -> 304 auth=eyJuIjoidGVz ua=Mozilla/5.0 (X11; Linux x86_64) AppleWeb
2026-08-20T07:03:54.539Z GET /api/contests/C0011 -> 304 auth=eyJuIjoidGVz ua=Mozilla/5.0 (X11; Linux x86_64) AppleWeb
2026-08-20T07:03:54.543Z GET /api/contests/C0011/rank -> 304 auth=eyJuIjoidGVz ua=Mozilla/5.0 (X11; Linux x86_64) AppleWeb
2026-08-20T07:03:56.307Z GET /api/contests/C0011 -> 304 auth=eyJuIjoidGVz ua=Mozilla/5.0 (X11; Linux x86_64) AppleWeb
2026-08-20T07:03:56.312Z GET /api/contests/C0011/rank -> 304 auth=eyJuIjoidGVz ua=Mozilla/5.0 (X11; Linux x86_64) AppleWeb
2026-08-20T07:03:58.724Z GET /api/contests/C0011 -> 304 auth=eyJuIjoidGVz ua=Mozilla/5.0 (X11; Linux x86_64) AppleWeb
2026-08-20T07:03:58.730Z GET /api/contests/C0011/rank -> 304 auth=eyJuIjoidGVz ua=Mozilla/5.0 (X11; Linux x86_64) AppleWeb
2026-08-20T07:03:59.538Z GET /api/contests/C0011 -> 304 auth=eyJuIjoidGVz ua=Mozilla/5.0 (X11; Linux x86_64) AppleWeb
2026-08-20T07:03:59.543Z GET /api/contests/C0011/rank -> 304 auth=eyJuIjoidGVz ua=Mozilla/5.0 (X11; Linux x86_64) AppleWeb
2026-08-20T07:04:01.307Z GET /api/contests/C0011 -> 304 auth=eyJuIjoidGVz ua=Mozilla/5.0 (X11; Linux x86_64) AppleWeb
2026-08-20T07:04:01.314Z GET /api/contests/C0011/rank -> 304 auth=eyJuIjoidGVz ua=Mozilla/5.0 (X11; Linux x86_64) AppleWeb
2026-08-20T07:04:03.723Z GET /api/contests/C0011 -> 304 auth=eyJuIjoidGVz ua=Mozilla/5.0 (X11; Linux x86_64) AppleWeb
2026-08-20T07:04:03.727Z GET /api/contests/C0011/rank -> 304 auth=eyJuIjoidGVz ua=Mozilla/5.0 (X11; Linux x86_64) AppleWeb
2026-08-20T07:04:04.538Z GET /api/contests/C0011 -> 304 auth=eyJuIjoidGVz ua=Mozilla/5.0 (X11; Linux x86_64) AppleWeb
2026-08-20T07:04:04.542Z GET /api/contests/C0011/rank -> 304 auth=eyJuIjoidGVz ua=Mozilla/5.0 (X11; Linux x86_64) AppleWeb
2026-08-20T07:04:06.307Z GET /api/contests/C0011 -> 304 auth=eyJuIjoidGVz ua=Mozilla/5.0 (X11; Linux x86_64) AppleWeb
2026-08-20T07:04:06.314Z GET /api/contests/C0011/rank -> 304 auth=eyJuIjoidGVz ua=Mozilla/5.0 (X11; Linux x86_64) AppleWeb
2026-08-20T07:04:08.724Z GET /api/contests/C0011 -> 304 auth=eyJuIjoidGVz ua=Mozilla/5.0 (X11; Linux x86_64) AppleWeb
2026-08-20T07:04:08.732Z GET /api/contests/C0011/rank -> 304 auth=eyJuIjoidGVz ua=Mozilla/5.0 (X11; Linux x86_64) AppleWeb
2026-08-20T07:04:09.539Z GET /api/contests/C0011 -> 304 auth=eyJuIjoidGVz ua=Mozilla/5.0 (X11; Linux x86_64) AppleWeb
2026-08-20T07:04:09.545Z GET /api/contests/C0011/rank -> 304 auth=eyJuIjoidGVz ua=Mozilla/5.0 (X11; Linux x86_64) AppleWeb
2026-08-20T07:04:11.307Z GET /api/contests/C0011 -> 304 auth=eyJuIjoidGVz ua=Mozilla/5.0 (X11; Linux x86_64) AppleWeb
2026-08-20T07:04:11.312Z GET /api/contests/C0011/rank -> 304 auth=eyJuIjoidGVz ua=Mozilla/5.0 (X11; Linux x86_64) AppleWeb
2026-08-20T07:04:13.724Z GET /api/contests/C0011 -> 304 auth=eyJuIjoidGVz ua=Mozilla/5.0 (X11; Linux x86_64) AppleWeb
2026-08-20T07:04:13.729Z GET /api/contests/C0011/rank -> 304 auth=eyJuIjoidGVz ua=Mozilla/5.0 (X11; Linux x86_64) AppleWeb
2026-08-20T07:04:14.538Z GET /api/contests/C0011 -> 304 auth=eyJuIjoidGVz ua=Mozilla/5.0 (X11; Linux x86_64) AppleWeb
2026-08-20T07:04:14.542Z GET /api/contests/C0011/rank -> 304 auth=eyJuIjoidGVz ua=Mozilla/5.0 (X11; Linux x86_64) AppleWeb
2026-08-20T07:04:16.307Z GET /api/contests/C0011 -> 304 auth=eyJuIjoidGVz ua=Mozilla/5.0 (X11; Linux x86_64) AppleWeb
2026-08-20T07:04:16.310Z GET /api/contests/C0011/rank -> 304 auth=eyJuIjoidGVz ua=Mozilla/5.0 (X11; Linux x86_64) AppleWeb
2026-08-20T07:04:18.724Z GET /api/contests/C0011 -> 304 auth=eyJuIjoidGVz ua=Mozilla/5.0 (X11; Linux x86_64) AppleWeb
2026-08-20T07:04:18.729Z GET /api/contests/C0011/rank -> 304 auth=eyJuIjoidGVz ua=Mozilla/5.0 (X11; Linux x86_64) AppleWeb
2026-08-20T07:04:19.540Z GET /api/contests/C0011 -> 304 auth=eyJuIjoidGVz ua=Mozilla/5.0 (X11; Linux x86_64) AppleWeb
2026-08-20T07:04:19.545Z GET /api/contests/C0011/rank -> 304 auth=eyJuIjoidGVz ua=Mozilla/5.0 (X11; Linux x86_64) AppleWeb
2026-08-20T07:04:21.307Z GET /api/contests/C0011 -> 304 auth=eyJuIjoidGVz ua=Mozilla/5.0 (X11; Linux x86_64) AppleWeb
2026-08-20T07:04:21.311Z GET /api/contests/C0011/rank -> 304 auth=eyJuIjoidGVz ua=Mozilla/5.0 (X11; Linux x86_64) AppleWeb
2026-08-20T07:04:23.724Z GET /api/contests/C0011 -> 304 auth=eyJuIjoidGVz ua=Mozilla/5.0 (X11; Linux x86_64) AppleWeb
2026-08-20T07:04:23.728Z GET /api/contests/C0011/rank -> 304 auth=eyJuIjoidGVz ua=Mozilla/5.0 (X11; Linux x86_64) AppleWeb
2026-08-20T07:04:24.539Z GET /api/contests/C0011 -> 304 auth=eyJuIjoidGVz ua=Mozilla/5.0 (X11; Linux x86_64) AppleWeb
2026-08-20T07:04:24.543Z GET /api/contests/C0011/rank -> 304 auth=eyJuIjoidGVz ua=Mozilla/5.0 (X11; Linux x86_64) AppleWeb
2026-08-20T07:04:26.310Z GET /api/contests/C0011 -> 304 auth=eyJuIjoidGVz ua=Mozilla/5.0 (X11; Linux x86_64) AppleWeb
2026-08-20T07:04:26.316Z GET /api/contests/C0011/rank -> 304 auth=eyJuIjoidGVz ua=Mozilla/5.0 (X11; Linux x86_64) AppleWeb
2026-08-20T07:04:28.724Z GET /api/contests/C0011 -> 304 auth=eyJuIjoidGVz ua=Mozilla/5.0 (X11; Linux x86_64) AppleWeb
2026-08-20T07:04:28.728Z GET /api/contests/C0011/rank -> 304 auth=eyJuIjoidGVz ua=Mozilla/5.0 (X11; Linux x86_64) AppleWeb
2026-08-20T07:04:29.538Z GET /api/contests/C0011 -> 304 auth=eyJuIjoidGVz ua=Mozilla/5.0 (X11; Linux x86_64) AppleWeb
2026-08-20T07:04:29.542Z GET /api/contests/C0011/rank -> 304 auth=eyJuIjoidGVz ua=Mozilla/5.0 (X11; Linux x86_64) AppleWeb
2026-08-20T07:04:31.307Z GET /api/contests/C0011 -> 304 auth=eyJuIjoidGVz ua=Mozilla/5.0 (X11; Linux x86_64) AppleWeb
2026-08-20T07:04:31.311Z GET /api/contests/C0011/rank -> 304 auth=eyJuIjoidGVz ua=Mozilla/5.0 (X11; Linux x86_64) AppleWeb
2026-08-20T07:04:33.724Z GET /api/contests/C0011 -> 304 auth=eyJuIjoidGVz ua=Mozilla/5.0 (X11; Linux x86_64) AppleWeb
2026-08-20T07:04:33.728Z GET /api/contests/C0011/rank -> 304 auth=eyJuIjoidGVz ua=Mozilla/5.0 (X11; Linux x86_64) AppleWeb
2026-08-20T07:04:34.538Z GET /api/contests/C0011 -> 304 auth=eyJuIjoidGVz ua=Mozilla/5.0 (X11; Linux x86_64) AppleWeb
2026-08-20T07:04:34.546Z GET /api/contests/C0011/rank -> 304 auth=eyJuIjoidGVz ua=Mozilla/5.0 (X11; Linux x86_64) AppleWeb
2026-08-20T07:04:36.307Z GET /api/contests/C0011 -> 304 auth=eyJuIjoidGVz ua=Mozilla/5.0 (X11; Linux x86_64) AppleWeb
2026-08-20T07:04:36.311Z GET /api/contests/C0011/rank -> 304 auth=eyJuIjoidGVz ua=Mozilla/5.0 (X11; Linux x86_64) AppleWeb
2026-08-20T07:04:38.724Z GET /api/contests/C0011 -> 304 auth=eyJuIjoidGVz ua=Mozilla/5.0 (X11; Linux x86_64) AppleWeb
2026-08-20T07:04:38.728Z GET /api/contests/C0011/rank -> 304 auth=eyJuIjoidGVz ua=Mozilla/5.0 (X11; Linux x86_64) AppleWeb
2026-08-20T07:04:39.539Z GET /api/contests/C0011 -> 304 auth=eyJuIjoidGVz ua=Mozilla/5.0 (X11; Linux x86_64) AppleWeb
2026-08-20T07:04:39.544Z GET /api/contests/C0011/rank -> 304 auth=eyJuIjoidGVz ua=Mozilla/5.0 (X11; Linux x86_64) AppleWeb
2026-08-20T07:04:41.308Z GET /api/contests/C0011 -> 304 auth=eyJuIjoidGVz ua=Mozilla/5.0 (X11; Linux x86_64) AppleWeb
2026-08-20T07:04:41.312Z GET /api/contests/C0011/rank -> 304 auth=eyJuIjoidGVz ua=Mozilla/5.0 (X11; Linux x86_64) AppleWeb
2026-08-20T07:04:43.724Z GET /api/contests/C0011 -> 304 auth=eyJuIjoidGVz ua=Mozilla/5.0 (X11; Linux x86_64) AppleWeb
2026-08-20T07:04:43.736Z GET /api/contests/C0011/rank -> 304 auth=eyJuIjoidGVz ua=Mozilla/5.0 (X11; Linux x86_64) AppleWeb
2026-08-20T07:04:44.538Z GET /api/contests/C0011 -> 304 auth=eyJuIjoidGVz ua=Mozilla/5.0 (X11; Linux x86_64) AppleWeb
2026-08-20T07:04:44.542Z GET /api/contests/C0011/rank -> 304 auth=eyJuIjoidGVz ua=Mozilla/5.0 (X11; Linux x86_64) AppleWeb
2026-08-20T07:04:46.308Z GET /api/contests/C0011 -> 304 auth=eyJuIjoidGVz ua=Mozilla/5.0 (X11; Linux x86_64) AppleWeb
2026-08-20T07:04:46.314Z GET /api/contests/C0011/rank -> 304 auth=eyJuIjoidGVz ua=Mozilla/5.0 (X11; Linux x86_64) AppleWeb
2026-08-20T07:04:48.724Z GET /api/contests/C0011 -> 304 auth=eyJuIjoidGVz ua=Mozilla/5.0 (X11; Linux x86_64) AppleWeb
2026-08-20T07:04:48.728Z GET /api/contests/C0011/rank -> 304 auth=eyJuIjoidGVz ua=Mozilla/5.0 (X11; Linux x86_64) AppleWeb
2026-08-20T07:04:49.538Z GET /api/contests/C0011 -> 304 auth=eyJuIjoidGVz ua=Mozilla/5.0 (X11; Linux x86_64) AppleWeb
2026-08-20T07:04:49.543Z GET /api/contests/C0011/rank -> 304 auth=eyJuIjoidGVz ua=Mozilla/5.0 (X11; Linux x86_64) AppleWeb
2026-08-20T07:04:51.307Z GET /api/contests/C0011 -> 304 auth=eyJuIjoidGVz ua=Mozilla/5.0 (X11; Linux x86_64) AppleWeb
2026-08-20T07:04:51.312Z GET /api/contests/C0011/rank -> 304 auth=eyJuIjoidGVz ua=Mozilla/5.0 (X11; Linux x86_64) AppleWeb
2026-08-20T07:04:53.724Z GET /api/contests/C0011 -> 304 auth=eyJuIjoidGVz ua=Mozilla/5.0 (X11; Linux x86_64) AppleWeb
2026-08-20T07:04:53.728Z GET /api/contests/C0011/rank -> 304 auth=eyJuIjoidGVz ua=Mozilla/5.0 (X11; Linux x86_64) AppleWeb
2026-08-20T07:04:54.547Z GET /api/contests/C0011 -> 304 auth=eyJuIjoidGVz ua=Mozilla/5.0 (X11; Linux x86_64) AppleWeb
2026-08-20T07:04:54.551Z GET /api/contests/C0011/rank -> 304 auth=eyJuIjoidGVz ua=Mozilla/5.0 (X11; Linux x86_64) AppleWeb
2026-08-20T07:04:56.307Z GET /api/contests/C0011 -> 304 auth=eyJuIjoidGVz ua=Mozilla/5.0 (X11; Linux x86_64) AppleWeb
2026-08-20T07:04:56.310Z GET /api/contests/C0011/rank -> 304 auth=eyJuIjoidGVz ua=Mozilla/5.0 (X11; Linux x86_64) AppleWeb
2026-08-20T07:04:58.724Z GET /api/contests/C0011 -> 304 auth=eyJuIjoidGVz ua=Mozilla/5.0 (X11; Linux x86_64) AppleWeb
2026-08-20T07:04:58.727Z GET /api/contests/C0011/rank -> 304 auth=eyJuIjoidGVz ua=Mozilla/5.0 (X11; Linux x86_64) AppleWeb
2026-08-20T07:04:59.539Z GET /api/contests/C0011 -> 304 auth=eyJuIjoidGVz ua=Mozilla/5.0 (X11; Linux x86_64) AppleWeb
2026-08-20T07:04:59.555Z GET /api/contests/C0011/rank -> 304 auth=eyJuIjoidGVz ua=Mozilla/5.0 (X11; Linux x86_64) AppleWeb
2026-08-20T07:05:01.307Z GET /api/contests/C0011 -> 304 auth=eyJuIjoidGVz ua=Mozilla/5.0 (X11; Linux x86_64) AppleWeb
2026-08-20T07:05:01.310Z GET /api/contests/C0011/rank -> 304 auth=eyJuIjoidGVz ua=Mozilla/5.0 (X11; Linux x86_64) AppleWeb
2026-08-20T07:05:03.725Z GET /api/contests/C0011 -> 304 auth=eyJuIjoidGVz ua=Mozilla/5.0 (X11; Linux x86_64) AppleWeb
2026-08-20T07:05:03.728Z GET /api/contests/C0011/rank -> 304 auth=eyJuIjoidGVz ua=Mozilla/5.0 (X11; Linux x86_64) AppleWeb
2026-08-20T07:05:04.538Z GET /api/contests/C0011 -> 304 auth=eyJuIjoidGVz ua=Mozilla/5.0 (X11; Linux x86_64) AppleWeb
2026-08-20T07:05:04.544Z GET /api/contests/C0011/rank -> 304 auth=eyJuIjoidGVz ua=Mozilla/5.0 (X11; Linux x86_64) AppleWeb
2026-08-20T07:05:06.307Z GET /api/contests/C0011 -> 304 auth=eyJuIjoidGVz ua=Mozilla/5.0 (X11; Linux x86_64) AppleWeb
2026-08-20T07:05:06.311Z GET /api/contests/C0011/rank -> 304 auth=eyJuIjoidGVz ua=Mozilla/5.0 (X11; Linux x86_64) AppleWeb
2026-08-20T07:05:08.727Z GET /api/contests/C0011 -> 304 auth=eyJuIjoidGVz ua=Mozilla/5.0 (X11; Linux x86_64) AppleWeb
2026-08-20T07:05:08.736Z GET /api/contests/C0011/rank -> 304 auth=eyJuIjoidGVz ua=Mozilla/5.0 (X11; Linux x86_64) AppleWeb
2026-08-20T07:05:09.539Z GET /api/contests/C0011 -> 304 auth=eyJuIjoidGVz ua=Mozilla/5.0 (X11; Linux x86_64) AppleWeb
2026-08-20T07:05:09.544Z GET /api/contests/C0011/rank -> 304 auth=eyJuIjoidGVz ua=Mozilla/5.0 (X11; Linux x86_64) AppleWeb
2026-08-20T07:05:11.307Z GET /api/contests/C0011 -> 304 auth=eyJuIjoidGVz ua=Mozilla/5.0 (X11; Linux x86_64) AppleWeb
2026-08-20T07:05:11.312Z GET /api/contests/C0011/rank -> 304 auth=eyJuIjoidGVz ua=Mozilla/5.0 (X11; Linux x86_64) AppleWeb
2026-08-20T07:05:13.724Z GET /api/contests/C0011 -> 304 auth=eyJuIjoidGVz ua=Mozilla/5.0 (X11; Linux x86_64) AppleWeb
2026-08-20T07:05:13.728Z GET /api/contests/C0011/rank -> 304 auth=eyJuIjoidGVz ua=Mozilla/5.0 (X11; Linux x86_64) AppleWeb
2026-08-20T07:05:14.539Z GET /api/contests/C0011 -> 304 auth=eyJuIjoidGVz ua=Mozilla/5.0 (X11; Linux x86_64) AppleWeb
2026-08-20T07:05:14.543Z GET /api/contests/C0011/rank -> 304 auth=eyJuIjoidGVz ua=Mozilla/5.0 (X11; Linux x86_64) AppleWeb
2026-08-20T07:05:16.307Z GET /api/contests/C0011 -> 304 auth=eyJuIjoidGVz ua=Mozilla/5.0 (X11; Linux x86_64) AppleWeb
2026-08-20T07:05:16.313Z GET /api/contests/C0011/rank -> 304 auth=eyJuIjoidGVz ua=Mozilla/5.0 (X11; Linux x86_64) AppleWeb
2026-08-20T07:05:18.724Z GET /api/contests/C0011 -> 304 auth=eyJuIjoidGVz ua=Mozilla/5.0 (X11; Linux x86_64) AppleWeb
2026-08-20T07:05:18.728Z GET /api/contests/C0011/rank -> 304 auth=eyJuIjoidGVz ua=Mozilla/5.0 (X11; Linux x86_64) AppleWeb
2026-08-20T07:05:19.540Z GET /api/contests/C0011 -> 304 auth=eyJuIjoidGVz ua=Mozilla/5.0 (X11; Linux x86_64) AppleWeb
2026-08-20T07:05:19.544Z GET /api/contests/C0011/rank -> 304 auth=eyJuIjoidGVz ua=Mozilla/5.0 (X11; Linux x86_64) AppleWeb
2026-08-20T07:05:21.314Z GET /api/contests/C0011 -> 304 auth=eyJuIjoidGVz ua=Mozilla/5.0 (X11; Linux x86_64) AppleWeb
2026-08-20T07:05:21.321Z GET /api/contests/C0011/rank -> 304 auth=eyJuIjoidGVz ua=Mozilla/5.0 (X11; Linux x86_64) AppleWeb
2026-08-20T07:05:23.723Z GET /api/contests/C0011 -> 304 auth=eyJuIjoidGVz ua=Mozilla/5.0 (X11; Linux x86_64) AppleWeb
2026-08-20T07:05:23.727Z GET /api/contests/C0011/rank -> 304 auth=eyJuIjoidGVz ua=Mozilla/5.0 (X11; Linux x86_64) AppleWeb
2026-08-20T07:05:24.538Z GET /api/contests/C0011 -> 304 auth=eyJuIjoidGVz ua=Mozilla/5.0 (X11; Linux x86_64) AppleWeb
2026-08-20T07:05:24.544Z GET /api/contests/C0011/rank -> 304 auth=eyJuIjoidGVz ua=Mozilla/5.0 (X11; Linux x86_64) AppleWeb
2026-08-20T07:05:26.308Z GET /api/contests/C0011 -> 304 auth=eyJuIjoidGVz ua=Mozilla/5.0 (X11; Linux x86_64) AppleWeb
2026-08-20T07:05:26.312Z GET /api/contests/C0011/rank -> 304 auth=eyJuIjoidGVz ua=Mozilla/5.0 (X11; Linux x86_64) AppleWeb
2026-08-20T07:05:28.725Z GET /api/contests/C0011 -> 304 auth=eyJuIjoidGVz ua=Mozilla/5.0 (X11; Linux x86_64) AppleWeb
2026-08-20T07:05:28.729Z GET /api/contests/C0011/rank -> 304 auth=eyJuIjoidGVz ua=Mozilla/5.0 (X11; Linux x86_64) AppleWeb
2026-08-20T07:05:29.538Z GET /api/contests/C0011 -> 304 auth=eyJuIjoidGVz ua=Mozilla/5.0 (X11; Linux x86_64) AppleWeb
2026-08-20T07:05:29.544Z GET /api/contests/C0011/rank -> 304 auth=eyJuIjoidGVz ua=Mozilla/5.0 (X11; Linux x86_64) AppleWeb
2026-08-20T07:05:31.307Z GET /api/contests/C0011 -> 304 auth=eyJuIjoidGVz ua=Mozilla/5.0 (X11; Linux x86_64) AppleWeb
2026-08-20T07:05:31.311Z GET /api/contests/C0011/rank -> 304 auth=eyJuIjoidGVz ua=Mozilla/5.0 (X11; Linux x86_64) AppleWeb
2026-08-20T07:05:33.728Z GET /api/contests/C0011 -> 304 auth=eyJuIjoidGVz ua=Mozilla/5.0 (X11; Linux x86_64) AppleWeb
2026-08-20T07:05:33.735Z GET /api/contests/C0011/rank -> 304 auth=eyJuIjoidGVz ua=Mozilla/5.0 (X11; Linux x86_64) AppleWeb
2026-08-20T07:05:34.539Z GET /api/contests/C0011 -> 304 auth=eyJuIjoidGVz ua=Mozilla/5.0 (X11; Linux x86_64) AppleWeb
2026-08-20T07:05:34.543Z GET /api/contests/C0011/rank -> 304 auth=eyJuIjoidGVz ua=Mozilla/5.0 (X11; Linux x86_64) AppleWeb
2026-08-20T07:05:36.310Z GET /api/contests/C0011 -> 304 auth=eyJuIjoidGVz ua=Mozilla/5.0 (X11; Linux x86_64) AppleWeb
2026-08-20T07:05:36.315Z GET /api/contests/C0011/rank -> 304 auth=eyJuIjoidGVz ua=Mozilla/5.0 (X11; Linux x86_64) AppleWeb
2026-08-20T07:05:38.723Z GET /api/contests/C0011 -> 304 auth=eyJuIjoidGVz ua=Mozilla/5.0 (X11; Linux x86_64) AppleWeb
2026-08-20T07:05:38.727Z GET /api/contests/C0011/rank -> 304 auth=eyJuIjoidGVz ua=Mozilla/5.0 (X11; Linux x86_64) AppleWeb
2026-08-20T07:05:39.539Z GET /api/contests/C0011 -> 304 auth=eyJuIjoidGVz ua=Mozilla/5.0 (X11; Linux x86_64) AppleWeb
2026-08-20T07:05:39.544Z GET /api/contests/C0011/rank -> 304 auth=eyJuIjoidGVz ua=Mozilla/5.0 (X11; Linux x86_64) AppleWeb
2026-08-20T07:05:41.307Z GET /api/contests/C0011 -> 304 auth=eyJuIjoidGVz ua=Mozilla/5.0 (X11; Linux x86_64) AppleWeb
2026-08-20T07:05:41.312Z GET /api/contests/C0011/rank -> 304 auth=eyJuIjoidGVz ua=Mozilla/5.0 (X11; Linux x86_64) AppleWeb
2026-08-20T07:05:43.723Z GET /api/contests/C0011 -> 304 auth=eyJuIjoidGVz ua=Mozilla/5.0 (X11; Linux x86_64) AppleWeb
2026-08-20T07:05:43.727Z GET /api/contests/C0011/rank -> 304 auth=eyJuIjoidGVz ua=Mozilla/5.0 (X11; Linux x86_64) AppleWeb
2026-08-20T07:05:44.539Z GET /api/contests/C0011 -> 304 auth=eyJuIjoidGVz ua=Mozilla/5.0 (X11; Linux x86_64) AppleWeb
2026-08-20T07:05:44.543Z GET /api/contests/C0011/rank -> 304 auth=eyJuIjoidGVz ua=Mozilla/5.0 (X11; Linux x86_64) AppleWeb
2026-08-20T07:05:46.307Z GET /api/contests/C0011 -> 304 auth=eyJuIjoidGVz ua=Mozilla/5.0 (X11; Linux x86_64) AppleWeb
2026-08-20T07:05:46.311Z GET /api/contests/C0011/rank -> 304 auth=eyJuIjoidGVz ua=Mozilla/5.0 (X11; Linux x86_64) AppleWeb
2026-08-20T07:05:48.724Z GET /api/contests/C0011 -> 304 auth=eyJuIjoidGVz ua=Mozilla/5.0 (X11; Linux x86_64) AppleWeb
2026-08-20T07:05:48.736Z GET /api/contests/C0011/rank -> 304 auth=eyJuIjoidGVz ua=Mozilla/5.0 (X11; Linux x86_64) AppleWeb
2026-08-20T07:05:49.539Z GET /api/contests/C0011 -> 304 auth=eyJuIjoidGVz ua=Mozilla/5.0 (X11; Linux x86_64) AppleWeb
2026-08-20T07:05:49.544Z GET /api/contests/C0011/rank -> 304 auth=eyJuIjoidGVz ua=Mozilla/5.0 (X11; Linux x86_64) AppleWeb
2026-08-20T07:05:51.307Z GET /api/contests/C0011 -> 304 auth=eyJuIjoidGVz ua=Mozilla/5.0 (X11; Linux x86_64) AppleWeb
2026-08-20T07:05:51.311Z GET /api/contests/C0011/rank -> 304 auth=eyJuIjoidGVz ua=Mozilla/5.0 (X11; Linux x86_64) AppleWeb
